customer_id,customer_name,state,signup_date
1,Priya Clark,NY,2026-05-14
2,John Johnson,WV,2025-03-04
3,Maria Martinez,OH,2026-05-04
4,Brian Petrova,OH,2025-02-28
5,Elena Garcia,WV,2025-03-11
6,Kevin Khan,OH,2025-09-10
7,Wei Garcia,WV,2026-03-06
8,Brian Wilson,NY,2025-09-25
9,Daniel Ahmed,VA,2025-09-29
10,Omar Rossi,MD,2026-04-14
11,Ruby Garcia,VA,2025-01-10
12,Carlos Khan,OH,2025-03-17
13,Robert Brown,PA,2025-12-24
14,Layla Rossi,VA,2025-06-11
15,Steven Rossi,PA,2026-06-26
16,Yasmin Rossi,NY,2025-04-17
17,Nathan Khan,MD,2025-06-09
18,John Clark,NY,2025-12-18
19,Jasmine Miller,VA,2026-06-02
20,Ruby Ali,PA,2025-02-22
21,Tyler Miller,PA,2025-02-15
22,Michael Hassan,NY,2025-09-26
23,Yasmin Clark,,2026-03-14
24,David Harris,OH,2025-06-02
25,Layla Martinez,VA,2025-06-01
26,Sofia Hussain,MD,2025-02-10
27,Fatima Patel,MD,2025-04-16
28,Nathan Ali,OH,2026-02-21
29,Ruby Nguyen,MI,2025-08-31
30,Amara Diallo,,2025-07-01
31,Chloe Nguyen,MI,2025-12-07
32,Amara Patel,MD,2025-09-12
33,Steven Khan,MI,2026-01-27
34,Nina Ahmed,MI,2025-07-24
35,Layla Rossi,,2025-08-22
36,John Anderson,MD,2025-12-03
37,Marcus Miller,WV,2025-12-26
38,Priya White,PA,2025-12-06
39,Robert Petrova,PA,2025-09-29
40,Grace Hussain,VA,2025-11-18
41,Brian Khan,OH,2026-01-30
42,Maria Clark,PA,2026-03-23
43,Amara Ibrahim,MD,2025-07-21
44,Priya Nguyen,OH,2025-12-05
45,Jasmine Khan,OH,2025-11-04
46,Grace Wilson,WV,2026-02-17
47,Michael Davis,WV,2026-03-07
48,Priya Dubois,OH,2025-06-28
49,Kevin Ibrahim,MD,2025-01-01
50,Grace Diallo,VA,2025-11-26
51,Priya Davis,VA,2026-06-08
52,Amara Dubois,WV,2025-06-23
53,Brian Patel,PA,2025-12-10
54,Marcus Ahmed,NY,2025-11-14
55,Michael Smith,NY,2025-02-17
56,Wei Ali,VA,2025-03-16
57,Omar Martinez,WV,2025-07-19
58,Nina Anderson,NY,2025-09-07
59,James Harris,MI,2025-04-20
60,Elena Diallo,VA,2026-06-15
61,Fatima Nguyen,VA,2025-05-05
62,Anthony Patel,OH,2026-06-28
63,Marcus Harris,OH,2026-03-30
64,Nathan Thomas,MI,2026-03-13
65,Anthony Harris,WV,2025-06-12
66,Anthony Miller,MI,2025-09-11
67,Marcus Jackson,VA,2026-06-18
68,Robert Taylor,WV,2025-03-21
69,Robert Wilson,OH,2025-11-24
70,Michael Ahmed,WV,2026-01-28
71,John Garcia,VA,2026-03-01
72,Anthony Lee,NY,2025-03-05
73,Kevin Harris,MI,2025-01-21
74,Carlos Anderson,PA,2026-05-04
75,Sofia Jackson,MI,2026-02-04
76,Tyler Lee,VA,2025-08-14
77,Grace Chen,VA,2025-01-30
78,Priya Diallo,WV,2026-02-19
79,Anthony Nguyen,OH,2025-05-11
80,Ruby Anderson,PA,2025-01-28
81,Michael Ali,NY,2026-04-18
82,Kevin Wilson,VA,2025-08-05
83,Marcus Harris,MD,2026-01-24
84,Tyler Lee,MI,2025-09-16
85,James Dubois,MD,2025-02-23
86,David Jackson,MI,2025-02-11
87,Fatima Davis,OH,2025-01-21
88,Michael Chen,OH,2025-04-28
89,Anthony Clark,MI,2025-09-20
90,Wei Zhang,MI,2025-04-28
91,Sofia Khan,MD,2025-01-27
92,Ruby Anderson,WV,2026-02-11
93,Carlos Clark,PA,2025-09-06
94,Sofia Ali,MI,2025-05-04
95,Amara Johnson,OH,2025-12-22
96,Layla Garcia,WV,2026-06-03
97,Jasmine Lee,PA,2026-05-17
98,Layla Hassan,WV,2026-04-16
99,Elena Dubois,WV,2026-06-19
100,Amara Nguyen,VA,2026-05-11
101,Chloe Martinez,MD,2025-10-02
102,Tyler Nguyen,MD,2025-03-30
103,Fatima Jackson,OH,2026-04-21
104,Kevin Wilson,VA,2025-01-30
105,Elena Chen,MD,2025-08-06
106,Daniel Miller,,2025-10-10
107,John Garcia,WV,2025-09-05
108,Yasmin Jackson,WV,2025-09-04
109,Steven Chen,,2026-04-04
110,Sofia Ahmed,WV,2026-02-19
111,Priya Martinez,VA,2026-01-13
112,Layla Lee,MD,2025-12-05
113,Robert Rossi,NY,2025-09-15
114,John Wilson,WV,2025-05-03
115,Marcus Clark,NY,2025-07-09
116,Nina Miller,OH,2026-06-22
117,Aisha White,MD,2025-07-18
118,Elena Rossi,WV,2025-01-15
119,Robert Johnson,OH,2025-02-25
120,Michael Hassan,PA,2026-05-18
121,Carlos Rossi,VA,2026-04-26
122,Elena Johnson,MI,2025-09-16
123,Tyler Garcia,VA,2026-02-15
124,Omar Patel,NY,2025-02-24
125,Carlos Rossi,NY,2025-03-29
126,Marcus Lee,MI,2025-08-20
127,Anthony Nguyen,MD,2026-03-30
128,Grace Rossi,OH,2025-03-03
129,Aisha Jackson,WV,2025-08-01
130,Priya Garcia,NY,2025-06-10
131,David Petrova,VA,2025-01-03
132,Wei Chen,PA,2025-10-26
133,Steven Rossi,PA,2026-04-10
134,Ruby Miller,VA,2025-07-22
135,Fatima Hassan,MD,2025-06-02
136,David Johnson,MI,2025-06-19
137,Chloe White,VA,2025-10-23
138,Steven Rossi,MD,2026-02-17
139,Nina Taylor,OH,2025-03-24
140,Grace Dubois,OH,2025-11-27
141,David Ahmed,MI,2025-01-22
142,Robert Martinez,MI,2025-02-11
143,Nina Thomas,MD,2026-03-29
144,Carlos Lee,PA,2026-05-19
145,Grace Wilson,WV,2025-11-25
146,Elena Wilson,WV,2026-02-26
147,Priya Anderson,VA,2025-02-07
148,Robert Wilson,MI,2025-04-29
149,Brian White,WV,2025-01-02
150,Anthony Lee,NY,2025-02-25
151,Wei Jackson,WV,2026-05-26
152,Maria Davis,OH,2025-10-01
153,Sofia Taylor,,2026-05-12
154,Omar Zhang,WV,2025-09-03
155,Yasmin Smith,PA,2026-02-22
156,Tyler Nguyen,VA,2025-04-27
157,Omar White,VA,2025-06-07
158,Sofia Thomas,VA,2025-10-07
159,Nina Ahmed,OH,2026-04-13
160,John Nguyen,WV,2026-06-05
161,Jasmine Garcia,MI,2025-10-10
162,Grace Wilson,MD,2026-06-04
163,Sofia Dubois,MI,2025-11-02
164,Priya Chen,VA,2025-06-02
165,Layla Wilson,VA,2026-01-22
166,Jasmine Davis,OH,2025-09-02
167,Jasmine Jackson,PA,2026-02-25
168,Nina Clark,VA,2026-01-26
169,Amara White,VA,2025-06-05
170,Michael Thomas,MI,2025-12-06
171,Jasmine Taylor,OH,2025-04-13
172,James Dubois,VA,2025-05-28
173,Michael Garcia,MI,2026-04-26
174,Daniel Zhang,WV,2026-02-12
175,Daniel Ali,MD,2026-01-25
176,Nathan Jackson,MI,2026-05-15
177,Wei Garcia,WV,2025-08-29
178,Sofia Ahmed,VA,2025-04-03
179,Marcus Hassan,VA,2025-04-13
180,Sofia Harris,PA,2025-01-30
181,Maria Rossi,MD,2026-01-03
182,Fatima Thomas,OH,2026-02-26
183,Elena Petrova,PA,2025-06-29
184,Kevin Zhang,VA,2025-09-04
185,Michael Ahmed,WV,2026-04-18
186,Robert Patel,MI,2025-01-10
187,Sofia Patel,PA,2025-06-11
188,Layla Martinez,WV,2025-11-03
189,Steven Miller,MI,2026-04-13
190,Kevin Ali,PA,2026-05-10
191,Carlos Hussain,WV,2025-10-30
192,Tyler Patel,,2026-02-10
193,Jasmine Patel,OH,2025-02-20
194,Tyler Harris,MI,2025-10-21
195,Wei Diallo,NY,2025-12-27
196,Wei Miller,WV,2025-05-21
197,Omar Hassan,MD,2025-02-10
198,Maria Martinez,WV,2026-01-09
199,Ruby Rossi,WV,2025-12-01
200,John Brown,OH,2026-01-10
201,Robert White,MD,2025-06-18
202,Nina Diallo,WV,2025-10-30
203,Amara Khan,PA,2026-04-25
204,Fatima Ali,MI,2026-02-11
205,Layla Garcia,PA,2026-02-09
206,Aisha Taylor,WV,2026-01-13
207,Robert Martinez,MI,2026-01-26
208,Layla Khan,,2025-08-28
209,Nathan Ibrahim,OH,2025-12-02
210,David Hassan,WV,2026-04-21
211,Grace Khan,PA,2025-05-24
212,Sofia Chen,PA,2025-04-29
213,Yasmin Brown,VA,2026-02-02
214,Chloe Clark,OH,2026-03-06
215,Michael Harris,WV,2026-03-01
216,Nina Zhang,MD,2026-02-22
217,Layla Davis,VA,2026-03-31
218,Jasmine Hussain,WV,2025-04-12
219,Nathan Hassan,PA,2026-01-03
220,John Khan,PA,2026-04-11
221,Omar Hassan,PA,2025-01-22
222,Fatima Brown,PA,2025-07-30
223,Yasmin Davis,MI,2025-08-10
224,Daniel Jackson,MI,2025-06-01
225,James Miller,NY,2025-05-29
226,Amara Petrova,WV,2025-04-23
227,Michael Smith,MI,2026-01-02
228,Carlos Wilson,NY,2025-01-17
229,Michael Dubois,OH,2026-03-08
230,David Chen,MI,2026-04-05
231,Carlos Khan,OH,2026-04-08
232,Wei Johnson,MD,2026-06-18
233,James Johnson,MI,2026-05-06
234,Priya Khan,WV,2026-05-18
235,David Harris,MD,2025-03-24
236,David Brown,OH,2025-10-09
237,Yasmin Clark,VA,2025-11-29
238,Brian Rossi,OH,2026-04-10
239,Aisha Diallo,MI,2025-04-28
240,Nathan Jackson,VA,2025-08-09
241,Fatima Lee,MI,2025-12-14
242,Grace Dubois,MD,2025-04-08
243,Priya Miller,NY,2026-01-19
244,Nina Garcia,MI,2025-04-04
245,Grace Khan,MI,2026-01-17
246,Maria Martinez,WV,2025-12-04
247,Layla Ali,MI,2026-03-10
248,Maria Rossi,MD,2025-11-16
249,Brian Davis,WV,2025-06-08
250,Jasmine Khan,MI,2025-12-25
251,Aisha Jackson,OH,2025-10-13
252,Grace Ali,OH,2025-01-27
253,Tyler Clark,PA,2025-10-01
254,Steven Jackson,MD,2025-11-13
255,Elena Ali,OH,2025-05-27
256,David Brown,PA,2025-02-01
257,John Anderson,VA,2026-03-06
258,Layla Rossi,MI,2025-11-29
259,Wei Garcia,NY,2025-02-23
260,Wei Johnson,MD,2025-03-25
261,Grace Chen,VA,2026-03-29
262,Marcus Thomas,MD,2025-04-27
263,Sofia Patel,OH,2026-05-14
264,Maria Ahmed,OH,2026-02-09
265,John Rossi,MI,2025-08-05
266,Robert Rossi,,2025-12-02
267,Chloe Lee,NY,2025-06-29
268,Steven Ahmed,OH,2026-05-28
269,Amara Hussain,VA,2025-03-15
270,Maria Lee,VA,2025-01-20
271,Jasmine Wilson,OH,2026-03-16
272,Omar Lee,PA,2025-10-24
273,Daniel Petrova,MI,2026-04-17
274,Layla Garcia,MI,2026-03-24
275,Grace Martinez,OH,2026-02-15
276,Jasmine Rossi,NY,2025-12-14
277,Elena Garcia,WV,2026-06-07
278,Brian Davis,MD,2025-12-24
279,Tyler Hassan,NY,2025-06-01
280,Robert Davis,OH,2025-06-27
281,Marcus Hassan,NY,2025-03-19
282,Omar Chen,MI,2026-04-21
283,Carlos Taylor,MI,2025-11-27
284,Daniel Brown,PA,2026-03-27
285,Omar Rossi,OH,2025-10-09
286,Brian Garcia,VA,2025-11-14
287,Maria Hussain,PA,2025-10-21
288,Jasmine Garcia,VA,2026-06-04
289,Yasmin Diallo,VA,2025-02-12
290,Carlos Hassan,MD,2025-07-12
291,Brian Brown,VA,2025-03-05
292,Nathan White,WV,2025-12-18
293,Omar Petrova,NY,2025-02-10
294,Anthony Thomas,OH,2026-06-20
295,Layla Nguyen,VA,2025-10-17
296,Daniel Patel,MI,2025-02-23
297,Daniel Garcia,PA,2025-12-04
298,Kevin Rossi,WV,2025-09-16
299,Ruby Zhang,MD,2025-06-03
300,Priya Brown,MD,2025-12-25
301,Steven Patel,NY,2026-02-06
302,David Rossi,WV,2026-01-21
303,Tyler Brown,PA,2026-06-24
304,Grace Thomas,PA,2026-01-06
305,Elena Davis,MI,2025-12-16
306,Fatima Brown,PA,2025-06-08
307,Amara Khan,MI,2026-06-04
308,Chloe Harris,PA,2026-06-24
309,Nathan Jackson,OH,2025-05-15
310,Elena Petrova,WV,2025-06-19
311,Grace Hussain,VA,2025-09-01
312,Marcus Dubois,NY,2026-04-05
313,Sofia Diallo,MI,2026-04-26
314,Priya Martinez,VA,2026-03-28
315,Marcus Anderson,OH,2026-05-30
316,Elena White,MI,2025-07-24
317,Jasmine Miller,WV,2025-02-23
318,Layla Ibrahim,WV,2025-04-16
319,Jasmine Khan,PA,2025-10-19
320,Robert Taylor,NY,2026-06-10
321,David Nguyen,MI,2025-08-16
322,Layla Nguyen,VA,2025-01-28
323,Brian Hussain,VA,2025-08-30
324,Layla Ahmed,MD,2025-01-29
325,Tyler Clark,MI,2025-12-10
326,Maria Rossi,WV,2026-04-29
327,Marcus Clark,VA,2026-04-26
328,Nathan Garcia,MD,2025-01-20
329,Michael Ibrahim,VA,2026-06-25
330,Sofia Ahmed,PA,2025-11-05
331,Grace Hassan,PA,2026-04-14
332,Nathan Chen,WV,2025-01-17
333,Fatima Clark,MD,2025-05-28
334,Wei Hussain,OH,2025-09-04
335,Priya Patel,OH,2025-03-29
336,David Thomas,MI,2026-06-04
337,Yasmin Smith,MI,2026-02-04
338,Omar Anderson,MD,2026-01-18
339,Layla Diallo,MD,2025-03-11
340,Priya Hassan,MI,2025-04-17
341,Marcus Wilson,PA,2025-05-17
342,Daniel White,MI,2025-06-29
343,Anthony Clark,WV,2026-05-06
344,Michael Garcia,PA,2026-04-14
345,Maria Diallo,PA,2025-07-24
346,Sofia Thomas,MI,2026-02-12
347,Robert Johnson,MD,2025-07-15
348,Marcus Johnson,MD,2025-12-06
349,Layla Lee,WV,2026-02-14
350,Kevin Wilson,VA,2025-07-11
351,Layla Nguyen,MD,2026-06-16
352,Chloe Lee,VA,2025-03-22
353,Tyler Petrova,MD,2025-10-28
354,Daniel Patel,MD,2025-10-30
355,Steven Lee,WV,2025-06-20
356,Anthony Johnson,OH,2025-12-28
357,Robert Hassan,PA,2025-02-28
358,Kevin Hussain,MI,2026-06-10
359,Elena Smith,MI,2025-05-27
360,Amara Taylor,NY,2025-02-05
361,Marcus Hassan,MD,2026-01-11
362,Carlos Johnson,WV,2025-06-07
363,Layla Hussain,MI,2026-03-31
364,Michael Thomas,VA,2026-01-11
365,Robert Ahmed,PA,2025-04-27
366,Nina Thomas,OH,2026-02-01
367,Marcus Miller,NY,2026-04-02
368,Sofia Clark,NY,2026-05-18
369,Jasmine Garcia,NY,2026-04-08
370,Anthony Garcia,WV,2025-11-24
371,David Ibrahim,MD,2025-10-25
372,Steven Clark,MI,2025-06-28
373,Fatima Khan,MI,2025-07-25
374,Amara Chen,MD,2025-01-27
375,Layla Taylor,OH,2025-05-13
376,David Rossi,WV,2026-02-12
377,Brian Lee,MI,2026-02-24
378,Michael Wilson,VA,2025-03-17
379,Brian Hussain,MI,2025-05-12
380,Omar Martinez,MI,2025-07-06
381,Grace Thomas,MI,2025-02-26
382,Michael Rossi,NY,2025-06-18
383,Steven Ahmed,OH,2025-12-21
384,Jasmine Garcia,NY,2025-09-14
385,Yasmin Miller,WV,2025-05-09
386,Yasmin Garcia,WV,2026-05-30
387,Carlos Brown,WV,2025-06-25
388,Nathan Zhang,MI,2025-12-12
389,Maria White,PA,2025-01-30
390,Omar Jackson,WV,2025-09-29
391,Carlos Lee,VA,2025-02-01
392,Yasmin Rossi,VA,2025-11-06
393,Amara Patel,MD,2026-02-20
394,Steven Johnson,VA,2025-06-11
395,Anthony Davis,OH,2025-12-15
396,Jasmine Clark,WV,2025-11-23
397,Layla Anderson,MI,2025-05-14
398,Yasmin Khan,NY,2025-11-23
399,Robert Taylor,NY,2025-09-11
400,Sofia Anderson,NY,2026-03-05
401,Nathan Petrova,OH,2025-12-02
402,John Jackson,VA,2025-06-13
403,Anthony Chen,,2025-11-12
404,Kevin Thomas,NY,2026-04-14
405,Layla Johnson,MD,2025-02-21
406,Nathan White,MD,2026-04-27
407,Jasmine Khan,NY,2026-03-18
408,Chloe Hussain,MD,2026-02-17
409,Maria Martinez,MD,2025-07-19
410,David Anderson,VA,2026-06-01
411,Robert White,NY,2025-05-02
412,Kevin Hussain,OH,2025-12-14
413,Marcus Brown,OH,2025-07-23
414,Brian Johnson,PA,2025-02-16
415,Daniel Diallo,OH,2026-05-01
416,Wei Harris,NY,2026-06-12
417,Wei Wilson,VA,2025-06-16
418,Chloe White,OH,2025-11-03
419,Tyler Thomas,VA,2026-06-30
420,Sofia Chen,MD,2025-01-18
421,Aisha Lee,MI,2025-11-12
422,Jasmine Clark,OH,2025-01-28
423,Omar Diallo,WV,2025-08-22
424,Nina Petrova,WV,2026-06-21
425,Marcus White,NY,2026-01-25
426,Fatima Johnson,,2025-04-23
427,Daniel Lee,VA,2025-06-05
428,Grace Thomas,MI,2026-04-28
429,Chloe Johnson,OH,2025-05-22
430,Daniel Patel,OH,2026-05-05
431,Elena Taylor,MD,2026-06-30
432,Priya Jackson,OH,2025-09-28
433,Fatima Miller,NY,2025-11-02
434,Sofia Jackson,WV,2025-10-23
435,Steven Chen,VA,2025-11-21
436,Ruby Nguyen,MD,2025-10-08
437,Priya Ibrahim,VA,2026-01-24
438,Marcus Diallo,MD,2025-05-30
439,Steven Garcia,VA,2025-12-21
440,Chloe Chen,NY,2025-08-08
441,Robert Nguyen,NY,2025-10-06
442,Chloe Martinez,NY,2025-09-03
443,Nathan Thomas,WV,2025-08-20
444,Aisha Lee,WV,2025-12-05
445,Priya Jackson,PA,2025-05-21
446,Ruby Petrova,WV,2026-02-21
447,Nathan Chen,WV,2026-05-04
448,Sofia Wilson,WV,2025-10-20
449,Marcus Garcia,OH,2025-08-26
450,Jasmine Nguyen,NY,2025-02-08
451,Tyler Petrova,MI,2025-02-07
452,Nina Petrova,,2025-10-24
453,Carlos Zhang,MD,2025-04-20
454,Omar Ibrahim,VA,2026-06-21
455,Michael Ali,VA,2026-06-01
456,Amara Khan,NY,2025-12-05
457,Omar Miller,PA,2025-07-10
458,Amara Rossi,NY,2025-07-17
459,Omar Harris,MI,2026-02-20
460,Daniel Garcia,WV,2026-02-15
461,Michael Chen,,2025-11-28
462,Kevin Ahmed,MI,2026-04-03
463,Daniel Rossi,MD,2025-01-12
464,Steven Ahmed,WV,2025-03-05
465,Sofia Petrova,WV,2026-02-20
466,Nathan Harris,WV,2025-11-15
467,Ruby Rossi,OH,2026-01-12
468,Michael Chen,VA,2025-06-06
469,Wei Hussain,WV,2026-03-02
470,Nina Jackson,MI,2025-08-12
471,Marcus Zhang,OH,2025-03-25
472,Steven Hussain,OH,2025-03-21
473,Tyler Ibrahim,NY,2026-06-02
474,Michael Petrova,MI,2025-12-02
475,Aisha Patel,WV,2025-07-30
476,David Harris,VA,2026-06-07
477,Anthony Brown,VA,2026-06-10
478,Maria Ibrahim,WV,2026-04-19
479,Chloe Smith,MD,2026-02-10
480,Chloe Davis,PA,2025-03-16
481,Steven Garcia,PA,2025-03-03
482,Nina Johnson,VA,2025-10-21
483,Michael Jackson,MD,2026-03-07
484,Kevin Taylor,VA,2026-01-22
485,Priya Ali,WV,2025-05-17
486,Aisha Petrova,OH,2026-02-07
487,Fatima White,,2025-01-04
488,Sofia Taylor,OH,2026-03-11
489,Fatima Ahmed,MD,2026-04-17
490,John Nguyen,PA,2025-04-26
491,Grace Zhang,NY,2025-01-17
492,Aisha Zhang,VA,2025-02-04
493,Steven Ali,NY,2025-02-19
494,Kevin Taylor,OH,2025-08-28
495,Jasmine Jackson,NY,2025-02-27
496,Sofia Ahmed,OH,2025-11-23
497,Priya White,NY,2025-11-25
498,Michael Patel,NY,2026-06-18
499,Robert Johnson,WV,2025-06-29
500,Yasmin Chen,MD,2025-02-18
501,Priya Anderson,MD,2026-06-22
502,Grace Brown,VA,2025-11-04
503,Yasmin Chen,MI,2025-09-04
504,Jasmine Clark,MI,2025-05-28
505,Maria Ibrahim,VA,2026-02-27
506,Michael Anderson,MD,2025-09-06
507,Omar Garcia,MI,2026-04-06
508,Yasmin Dubois,PA,2025-07-15
509,Priya Zhang,MI,2025-02-10
510,Amara Jackson,VA,2025-08-11
511,Ruby Wilson,PA,2025-11-07
512,John Dubois,WV,2025-05-01
513,Nina Nguyen,WV,2025-09-06
514,John Anderson,OH,2025-09-03
515,Sofia Anderson,OH,2026-04-23
516,Sofia Miller,OH,2026-01-04
517,Anthony Khan,MI,2026-04-26
518,Ruby Davis,MD,2026-01-15
519,Carlos Ali,WV,2025-08-15
520,Robert Ibrahim,MD,2026-03-04
521,Daniel Ahmed,OH,2026-01-24
522,Nina Ibrahim,MD,2025-12-12
523,Nina Dubois,VA,2026-05-18
524,Amara Hussain,NY,2025-06-23
525,Nina Petrova,OH,2025-03-02
526,Jasmine Garcia,,2025-02-19
527,Michael White,PA,2025-08-25
528,James Davis,VA,2026-06-02
529,Wei Hassan,WV,2026-05-10
530,James Ibrahim,,2026-02-26
531,Chloe Miller,PA,2025-10-21
532,Steven Patel,MI,2026-03-17
533,Elena Khan,OH,2025-04-09
534,John Zhang,MD,2026-06-24
535,Robert Diallo,PA,2026-02-11
536,Kevin Taylor,WV,2025-09-07
537,Priya White,WV,2025-03-24
538,Omar Jackson,PA,2025-02-02
539,Kevin Ibrahim,PA,2026-05-03
540,Steven Petrova,VA,2025-03-26
541,Omar Diallo,OH,2025-12-06
542,Aisha Harris,PA,2026-06-25
543,Nathan Ali,MD,2026-05-02
544,David Patel,OH,2025-10-15
545,Maria Petrova,PA,2025-11-19
546,Carlos Brown,PA,2026-02-12
547,Carlos Ahmed,WV,2026-02-03
548,Daniel Anderson,MI,2025-05-24
549,Chloe Garcia,WV,2026-05-28
550,Maria Khan,NY,2026-03-24
551,Daniel Zhang,MI,2026-02-11
552,Omar Miller,VA,2026-04-07
553,Yasmin Anderson,NY,2026-03-19
554,Priya Anderson,MI,2025-03-29
555,Amara Ahmed,PA,2025-03-17
556,Kevin Clark,WV,2025-06-07
557,Layla Khan,PA,2025-04-04
558,Anthony Hussain,PA,2025-10-04
559,Elena Lee,OH,2026-04-05
560,Grace Khan,PA,2025-01-27
561,David Zhang,MI,2025-11-29
562,Sofia Lee,MI,2026-02-02
563,Nathan Ibrahim,OH,2025-09-06
564,Priya Anderson,NY,2025-06-23
565,Robert Chen,PA,2025-05-30
566,Robert Lee,VA,2025-11-03
567,Layla Miller,WV,2025-09-10
568,Wei Zhang,VA,2025-07-20
569,Sofia Smith,MD,2026-02-10
570,Kevin Diallo,VA,2025-12-04
571,Tyler White,MD,2025-05-20
572,Steven Davis,MD,2026-05-06
573,Kevin Wilson,WV,2025-10-26
574,Nina Martinez,MD,2025-09-06
575,Tyler Diallo,MD,2026-02-07
576,Carlos Davis,WV,2025-07-04
577,James Dubois,WV,2026-04-18
578,Amara Rossi,MI,2025-03-12
579,Amara Lee,NY,2026-05-27
580,Fatima Miller,WV,2025-06-07
581,Kevin Garcia,OH,2026-04-05
582,Kevin Ibrahim,MI,2026-06-03
583,Yasmin Johnson,WV,2026-01-04
584,Yasmin Zhang,PA,2025-03-29
585,Priya Patel,NY,2025-12-30
586,Maria Martinez,MI,2026-02-14
587,Amara Lee,PA,2025-04-19
588,Fatima Thomas,OH,2026-06-16
589,Carlos Ahmed,MD,2026-04-02
590,Marcus Patel,NY,2026-05-28
591,James Chen,MD,2025-04-18
592,David Khan,MD,2025-05-26
593,Anthony Diallo,OH,2025-07-31
594,Nina Khan,WV,2026-03-25
595,Daniel Garcia,PA,2025-11-04
596,Aisha Smith,WV,2025-12-18
597,Amara Petrova,OH,2025-09-07
598,Elena Wilson,VA,2026-03-13
599,Kevin Hassan,NY,2025-07-08
600,Grace Anderson,WV,2025-01-30
601,John Taylor,,2026-03-16
602,John Davis,MI,2025-10-13
603,Amara Garcia,MI,2025-04-15
604,Elena Hussain,NY,2025-11-30
605,Robert Patel,OH,2026-05-17
606,Daniel Zhang,OH,2026-02-02
607,Aisha Hussain,MI,2025-12-27
608,Elena White,OH,2025-11-01
609,Priya Brown,PA,2025-11-17
610,Aisha Petrova,WV,2026-01-18
611,Kevin Lee,OH,2025-05-22
612,Elena Chen,OH,2025-06-27
613,Sofia Brown,MD,2025-07-11
614,Wei Johnson,PA,2026-01-03
615,John White,OH,2026-01-29
616,Nina Lee,VA,2026-05-19
617,Anthony Chen,PA,2025-06-21
618,Amara Jackson,MD,2025-08-14
619,Fatima Ibrahim,NY,2025-10-23
620,Carlos Dubois,OH,2026-05-23
621,Carlos Khan,MI,2025-10-02
622,Layla Ibrahim,MI,2025-02-12
623,Yasmin Davis,PA,2026-03-12
624,Omar Jackson,MD,2025-09-11
625,Maria Taylor,MD,2025-09-27
626,David Taylor,MI,2025-05-01
627,John Diallo,MI,2025-12-26
628,Omar Lee,OH,2025-06-19
629,John White,MI,2025-07-31
630,Layla Ibrahim,OH,2025-10-15
631,Daniel Clark,MD,2025-10-27
632,Jasmine Thomas,NY,2025-04-08
633,Amara Lee,MD,2025-03-02
634,Michael Clark,NY,2025-05-16
635,Daniel White,MI,2025-09-11
636,Kevin Chen,OH,2025-05-26
637,Omar Lee,VA,2026-01-20
638,Amara Harris,VA,2025-04-06
639,Robert Clark,VA,2026-01-13
640,Daniel Martinez,MI,2025-01-03
641,Chloe Garcia,WV,2026-04-15
642,Layla Ali,MI,2025-03-06
643,John Lee,VA,2025-08-05
644,Tyler Rossi,OH,2025-12-12
645,Carlos Ali,MI,2026-05-12
646,Priya Jackson,PA,2025-02-19
647,Amara White,PA,2026-04-16
648,Jasmine Petrova,,2026-03-28
649,Grace Davis,WV,2025-05-16
650,Jasmine Nguyen,PA,2025-10-08
651,Robert Garcia,WV,2026-01-16
652,Elena Johnson,WV,2026-02-10
653,Steven Jackson,VA,2025-08-28
654,Steven Khan,NY,2025-01-02
655,Michael Martinez,OH,2025-08-20
656,James Smith,MI,2025-12-18
657,Jasmine Lee,VA,2025-05-16
658,Kevin Garcia,PA,2025-04-15
659,Nathan Rossi,VA,2025-05-21
660,Marcus Ali,WV,2025-05-17
661,Michael Garcia,,2026-06-28
662,Omar Petrova,MD,2026-03-27
663,Omar Dubois,VA,2025-06-05
664,Anthony Ali,PA,2025-08-11
665,Michael Jackson,OH,2025-05-07
666,Layla Lee,MI,2025-11-19
667,Robert Hassan,NY,2025-03-28
668,Wei Dubois,MI,2025-10-19
669,James Ali,NY,2025-11-05
670,Brian Davis,MD,2026-02-06
671,Amara Harris,VA,2025-09-03
672,Fatima Chen,OH,2025-03-14
673,James Hussain,NY,2025-11-21
674,Tyler Martinez,MD,2026-03-07
675,Elena Jackson,MI,2026-04-28
676,Carlos Garcia,MD,2025-01-15
677,Ruby Johnson,OH,2026-02-12
678,Steven Thomas,VA,2026-03-02
679,David Hassan,MD,2025-06-06
680,David Thomas,MI,2025-07-28
681,Daniel Anderson,MD,2025-03-09
682,Chloe Ali,PA,2025-09-02
683,Ruby Lee,VA,2025-04-29
684,Maria Rossi,,2025-06-29
685,Michael Clark,NY,2025-01-12
686,Layla Thomas,MI,2026-06-14
687,Robert Petrova,NY,2026-01-16
688,Jasmine Miller,MI,2025-05-01
689,Daniel Diallo,MD,2026-03-16
690,Robert Clark,VA,2025-03-20
691,Layla Johnson,MI,2026-05-27
692,Layla Petrova,MI,2025-09-19
693,Carlos Patel,NY,2025-04-29
694,James Johnson,NY,2025-01-13
695,Layla Anderson,NY,2025-06-03
696,Jasmine Johnson,NY,2026-03-06
697,Grace Nguyen,MD,2025-11-24
698,Carlos Hussain,OH,2025-05-03
699,Maria Petrova,MI,2025-08-17
700,Maria Anderson,VA,2025-03-12
701,Marcus Ali,MD,2025-11-15
702,Anthony Smith,NY,2026-01-13
703,Amara Rossi,VA,2025-09-06
704,Nina Jackson,WV,2025-07-20
705,Marcus Diallo,,2025-09-09
706,Grace Smith,OH,2025-08-27
707,Tyler Clark,,2025-01-10
708,Priya Anderson,PA,2025-11-11
709,Fatima Lee,PA,2026-05-19
710,Michael Clark,PA,2025-10-14
711,Fatima Harris,VA,2026-06-17
712,Layla Taylor,OH,2025-03-28
713,Michael Hassan,PA,2026-02-08
714,Maria Lee,NY,2025-05-14
715,Jasmine Wilson,WV,2026-02-07
716,Daniel Wilson,MD,2026-04-09
717,John Brown,NY,2025-04-22
718,Anthony Taylor,VA,2025-11-18
719,Layla Jackson,VA,2025-08-01
720,Robert Ali,PA,2025-05-03
721,Priya Rossi,NY,2025-02-11
722,Daniel Brown,WV,2025-04-04
723,Layla Anderson,PA,2026-06-10
724,Robert White,PA,2025-06-28
725,Jasmine Taylor,PA,2025-09-13
726,Amara Diallo,,2025-05-24
727,Tyler Jackson,NY,2025-08-16
728,Kevin Hussain,OH,2025-03-28
729,Ruby White,PA,2025-03-18
730,John Harris,MI,2026-03-31
731,Nathan Ali,PA,2025-12-06
732,Anthony Johnson,OH,2025-06-22
733,Chloe Anderson,PA,2026-05-24
734,Grace Petrova,NY,2025-12-29
735,Robert Miller,NY,2026-04-02
736,Wei Zhang,WV,2025-09-09
737,Grace Harris,PA,2026-05-06
738,Kevin Brown,NY,2026-03-06
739,Amara Thomas,WV,2025-09-13
740,Yasmin Diallo,VA,2025-01-20
741,Layla Chen,MD,2026-05-12
742,Brian Wilson,MD,2026-02-02
743,Daniel Zhang,PA,2025-08-13
744,Marcus Miller,MI,2025-03-01
745,Brian Hussain,NY,2025-08-27
746,Priya Ahmed,OH,2025-09-30
747,Ruby Dubois,MI,2025-02-27
748,Fatima Martinez,MD,2026-02-02
749,Jasmine Petrova,NY,2025-06-30
750,Amara Dubois,,2026-01-03
751,Steven Hussain,OH,2025-05-26
752,Tyler Diallo,OH,2026-05-20
753,Nina Johnson,PA,2025-04-03
754,Fatima Smith,,2026-06-24
755,Ruby Zhang,MI,2025-07-26
756,Steven Petrova,,2025-11-28
757,Carlos Clark,MI,2025-05-26
758,Brian Ali,PA,2026-01-09
759,Priya Anderson,MD,2025-04-14
760,Michael Petrova,MI,2026-03-24
761,Nina Hassan,NY,2025-11-21
762,Yasmin Clark,NY,2026-01-01
763,Tyler Petrova,MD,2026-01-23
764,Sofia Brown,,2025-07-01
765,Steven Martinez,MI,2026-02-05
766,Carlos Johnson,OH,2025-07-06
767,Amara Zhang,WV,2025-08-15
768,Ruby Chen,MD,2025-05-25
769,Fatima Hussain,NY,2025-11-24
770,David White,,2025-12-10
771,John Ahmed,MD,2025-03-11
772,Aisha Dubois,PA,2025-01-02
773,Chloe Lee,VA,2025-06-20
774,Kevin Hussain,PA,2026-01-20
775,Amara Ali,NY,2025-08-19
776,Amara Ali,,2025-02-04
777,Robert Khan,MD,2025-03-17
778,Kevin Petrova,OH,2025-03-18
779,David Wilson,WV,2026-05-10
780,Omar Petrova,NY,2026-03-21
781,Daniel Davis,VA,2025-07-14
782,Chloe Nguyen,WV,2025-09-29
783,Fatima Khan,VA,2025-02-20
784,Tyler Chen,PA,2025-06-07
785,Grace Garcia,MI,2025-10-29
786,Wei Chen,,2025-07-24
787,Elena Hassan,PA,2025-10-26
788,Aisha Rossi,VA,2026-02-12
789,Priya Miller,WV,2025-04-04
790,Elena Hussain,MD,2026-01-26
791,Maria Miller,VA,2026-03-27
792,Tyler Miller,NY,2025-03-05
793,Priya Khan,WV,2025-03-29
794,Yasmin Lee,OH,2025-08-21
795,Kevin White,VA,2026-06-20
796,Priya Ali,OH,2026-05-02
797,Nina Rossi,VA,2025-03-22
798,Steven Johnson,OH,2026-05-30
799,Amara Martinez,PA,2025-05-31
800,Anthony Petrova,NY,2025-06-21
801,Michael Johnson,PA,2026-03-10
802,Grace Davis,MI,2025-06-01
803,Daniel Nguyen,PA,2025-03-10
804,Kevin Ibrahim,MI,2025-11-30
805,Anthony Nguyen,MI,2025-01-13
806,Carlos Thomas,PA,2026-03-06
807,Michael Martinez,PA,2025-04-13
808,Aisha Diallo,MI,2025-10-20
809,Layla Harris,MD,2026-02-25
810,Nina Martinez,PA,2026-04-30
811,Kevin Brown,PA,2026-02-16
812,Nathan Wilson,PA,2025-09-01
813,Ruby Miller,PA,2026-01-17
814,Amara Rossi,MD,2025-11-15
815,Jasmine Clark,MI,2025-04-11
816,Sofia Dubois,MI,2026-03-30
817,Robert Dubois,OH,2026-03-03
818,John Taylor,MI,2025-08-05
819,Nina Jackson,MI,2026-06-13
820,Maria Thomas,PA,2025-06-12
821,Brian Anderson,MI,2025-05-19
822,Nathan Martinez,NY,2025-01-30
823,Tyler Davis,NY,2025-03-01
824,Maria Nguyen,WV,2026-01-05
825,Layla White,OH,2026-04-21
826,Ruby Khan,NY,2025-02-01
827,Wei Taylor,MI,2025-07-01
828,Yasmin Hussain,NY,2025-12-19
829,Robert Dubois,,2025-04-03
830,Maria Petrova,MI,2025-08-08
831,Fatima Patel,MD,2025-07-31
832,Brian Smith,VA,2025-01-10
833,Omar Petrova,NY,2025-01-09
834,Amara Rossi,VA,2025-10-09
835,Jasmine Hussain,MD,2026-04-16
836,Sofia Patel,MI,2026-06-18
837,Carlos Khan,OH,2025-01-08
838,Tyler White,OH,2026-01-19
839,Wei Rossi,WV,2025-11-02
840,David Wilson,WV,2025-10-11
841,Robert Miller,NY,2025-11-02
842,Marcus Ahmed,MI,2025-02-28
843,Amara Zhang,WV,2026-02-18
844,Michael Dubois,WV,2025-01-27
845,Sofia Miller,VA,2026-03-05
846,Maria Martinez,MD,2025-07-14
847,Fatima Patel,WV,2026-05-03
848,Sofia Ali,MI,2025-06-24
849,Yasmin Petrova,PA,2025-10-28
850,Chloe Miller,WV,2025-07-07
851,Omar Garcia,MD,2025-08-16
852,Jasmine Rossi,MI,2026-03-07
853,Layla Miller,VA,2025-10-29
854,Nina Johnson,VA,2025-03-14
855,Brian Khan,OH,2026-01-26
856,Maria Ali,NY,2025-06-04
857,Daniel Lee,NY,2026-04-14
858,Steven Petrova,VA,2025-03-24
859,Elena Wilson,PA,2025-03-01
860,John Jackson,OH,2025-06-22
861,Nina Diallo,NY,2025-04-01
862,Omar Lee,VA,2026-02-18
863,Kevin Smith,OH,2025-02-08
864,Layla Smith,MI,2025-11-26
865,John Smith,WV,2025-01-05
866,Fatima Clark,MD,2025-12-19
867,Kevin Thomas,NY,2025-11-10
868,Maria Rossi,VA,2025-10-25
869,Wei Thomas,VA,2025-12-12
870,Michael Wilson,MD,2026-05-17
871,Elena Nguyen,PA,2026-02-18
872,Chloe Brown,,2025-08-05
873,Brian Petrova,MD,2025-05-07
874,Amara Johnson,WV,2026-01-20
875,Yasmin Zhang,OH,2025-02-19
876,Priya Khan,PA,2025-01-21
877,Grace Taylor,PA,2026-01-25
878,Nina Clark,NY,2025-06-06
879,Omar Smith,VA,2025-11-05
880,Priya Thomas,OH,2025-10-04
881,Michael Lee,OH,2025-04-18
882,Aisha Rossi,MI,2025-04-27
883,John Zhang,MI,2025-07-24
884,Brian Davis,WV,2026-01-02
885,Elena Johnson,NY,2026-05-24
886,Nina Wilson,,2025-08-29
887,David Nguyen,MI,2025-04-24
888,Nina Brown,MI,2025-04-03
889,Chloe Dubois,MD,2025-04-14
890,Anthony Rossi,VA,2025-09-28
891,Tyler Petrova,MI,2025-02-10
892,Amara Patel,VA,2025-11-17
893,Aisha Ali,PA,2025-02-16
894,Priya Hassan,MD,2025-06-24
895,Anthony Zhang,WV,2025-10-02
896,Tyler Wilson,PA,2025-07-07
897,Anthony Miller,WV,2026-01-30
898,Amara Lee,PA,2025-06-20
899,Chloe Johnson,PA,2025-06-13
900,Carlos Chen,NY,2026-03-25
901,Marcus Hussain,MI,2025-01-30
902,Tyler Dubois,VA,2025-05-14
903,Aisha Harris,VA,2026-02-26
904,Robert Hassan,PA,2025-11-18
905,Priya Thomas,WV,2025-08-18
906,Brian Thomas,VA,2025-04-08
907,Fatima Chen,WV,2025-12-21
908,Kevin Brown,PA,2025-02-25
909,Elena Thomas,MI,2026-04-26
910,Elena Garcia,MD,2026-05-19
911,Robert Johnson,NY,2026-06-04
912,Kevin Anderson,PA,2025-08-29
913,Amara Martinez,PA,2026-04-04
914,Anthony Wilson,VA,2025-05-02
915,James Khan,VA,2026-02-18
916,Yasmin Smith,MI,2025-04-04
917,Wei Hassan,OH,2025-11-08
918,Omar Patel,MD,2026-04-13
919,Maria White,MI,2025-08-17
920,Yasmin Jackson,WV,2026-04-30
921,Steven Taylor,PA,2025-04-27
922,Fatima Smith,MD,2025-12-16
923,Amara Rossi,MD,2026-06-19
924,Maria Harris,VA,2025-06-18
925,Steven Dubois,PA,2026-02-24
926,John Davis,MI,2025-05-04
927,Anthony White,WV,2025-07-15
928,Marcus Lee,WV,2025-02-17
929,Carlos Khan,VA,2026-04-07
930,Brian Brown,PA,2026-05-26
931,Maria Ibrahim,MI,2026-03-20
932,Ruby Thomas,WV,2025-07-01
933,Chloe White,PA,2025-05-12
934,Wei Zhang,OH,2025-11-26
935,Grace Zhang,MD,2025-09-12
936,Daniel Rossi,MI,2026-04-09
937,Grace Zhang,MD,2026-06-09
938,Yasmin Ali,WV,2025-11-18
939,Yasmin Hassan,NY,2025-08-11
940,Steven Rossi,WV,2025-12-20
941,Steven Hassan,OH,2025-07-02
942,Omar Wilson,MI,2025-04-29
943,Nina Martinez,WV,2026-03-04
944,Tyler Ibrahim,MI,2025-10-20
945,James Thomas,PA,2025-04-20
946,Maria Patel,NY,2025-02-27
947,Amara Petrova,WV,2025-10-21
948,Tyler Johnson,NY,2025-10-30
949,Maria Hussain,PA,2026-04-09
950,Priya Dubois,WV,2025-08-18
951,Kevin Ahmed,MI,2026-06-08
952,Steven Rossi,VA,2025-02-18
953,Amara Patel,OH,2025-11-17
954,Chloe Miller,OH,2025-07-27
955,Jasmine Ali,MI,2026-03-30
956,Omar Clark,MI,2026-01-12
957,Chloe Zhang,MI,2025-07-21
958,John Rossi,NY,2026-04-05
959,David Petrova,WV,2025-06-27
960,Kevin Johnson,MD,2026-03-15
961,Michael Petrova,PA,2025-09-19
962,Steven Nguyen,PA,2025-06-08
963,Daniel Zhang,MI,2025-02-22
964,Wei White,VA,2025-11-05
965,Yasmin Hussain,MI,2025-03-16
966,Brian Ahmed,OH,2025-07-08
967,Brian Petrova,OH,2026-03-02
968,David Hussain,NY,2025-08-15
969,Daniel Hussain,NY,2025-10-28
970,Wei Thomas,OH,2026-05-02
971,Omar Smith,WV,2025-04-28
972,Fatima Harris,PA,2025-09-07
973,Daniel Anderson,VA,2025-04-27
974,Chloe Rossi,OH,2025-01-26
975,Layla Thomas,VA,2026-06-05
976,Sofia Harris,MD,2025-07-17
977,Aisha Petrova,WV,2025-01-08
978,Priya Hassan,MI,2025-08-07
979,Tyler Khan,OH,2025-07-30
980,Nathan Dubois,WV,2026-03-22
981,David Dubois,PA,2025-06-07
982,Daniel Johnson,PA,2025-03-31
983,Amara Miller,OH,2025-03-14
984,Ruby Miller,VA,2026-02-22
985,Kevin Lee,PA,2025-11-20
986,Aisha Ibrahim,WV,2025-01-07
987,David Jackson,WV,2025-02-16
988,Layla Nguyen,PA,2026-05-30
989,Priya Rossi,MD,2025-03-30
990,Anthony Anderson,MI,2026-02-09
991,Nina Petrova,NY,2025-08-14
992,Amara Diallo,WV,2025-10-30
993,Priya Harris,PA,2026-01-18
994,Yasmin Brown,,2025-05-07
995,Wei Anderson,MD,2025-03-29
996,Chloe Harris,NY,2025-12-19
997,Omar Ali,NY,2026-06-09
998,Fatima Zhang,NY,2025-09-16
999,Priya Diallo,MI,2025-02-25
1000,Yasmin Taylor,MD,2025-03-16
1001,Robert Khan,WV,2025-07-22
1002,Daniel Hussain,WV,2025-05-12
1003,Aisha Rossi,NY,2025-03-13
1004,Anthony Wilson,WV,2025-11-10
1005,Carlos Martinez,MI,2026-01-09
1006,Grace Petrova,MD,2025-01-05
1007,Fatima Clark,MD,2026-03-23
1008,Michael Patel,VA,2025-12-06
1009,Layla Jackson,VA,2025-11-09
1010,Elena Hassan,MI,2025-03-25
1011,Tyler Brown,MD,2025-07-21
1012,Omar Garcia,PA,2025-03-19
1013,Omar Smith,MI,2026-02-19
1014,Ruby Johnson,OH,2025-09-24
1015,Yasmin Chen,MD,2025-06-02
1016,Nathan Jackson,NY,2025-10-25
1017,Brian Garcia,MD,2026-02-11
1018,Priya Ahmed,MI,2025-06-19
1019,Anthony Petrova,OH,2025-07-03
1020,Priya Ali,WV,2025-05-30
1021,Layla Johnson,MI,2025-08-13
1022,David Miller,NY,2026-01-14
1023,John Thomas,VA,2026-01-05
1024,Anthony Harris,PA,2025-02-17
1025,Daniel Khan,WV,2026-06-18
1026,Tyler Dubois,OH,2025-09-27
1027,Elena Anderson,MD,2026-01-23
1028,Nathan White,OH,2025-03-21
1029,Ruby Ahmed,VA,2026-06-13
1030,Jasmine Hussain,MI,2026-05-14
1031,Wei Smith,NY,2026-05-29
1032,Fatima Garcia,WV,2026-06-11
1033,Michael Petrova,MD,2025-06-11
1034,Tyler Khan,VA,2025-08-24
1035,Chloe Khan,WV,2026-05-09
1036,John Martinez,WV,2025-06-15
1037,James Ahmed,NY,2025-02-14
1038,Elena Brown,PA,2026-06-09
1039,Michael Johnson,MD,2025-06-20
1040,Brian Anderson,WV,2025-01-20
1041,Tyler Rossi,NY,2025-03-29
1042,Nina Ali,NY,2026-05-09
1043,Grace Zhang,MI,2025-05-27
1044,Marcus Petrova,MD,2026-06-08
1045,Priya Wilson,OH,2026-04-10
1046,Fatima Anderson,NY,2026-01-30
1047,John Thomas,WV,2026-06-01
1048,Michael Zhang,NY,2025-04-09
1049,Wei Zhang,MI,2025-02-09
1050,Marcus Khan,VA,2025-04-06
1051,Nathan Zhang,MI,2025-01-02
1052,Grace Thomas,MD,2026-03-07
1053,Steven Thomas,NY,2026-03-16
1054,Nina Diallo,MD,2026-01-26
1055,Chloe Nguyen,VA,2025-04-11
1056,Nina Jackson,MI,2025-08-27
1057,Wei Harris,MD,2026-02-23
1058,Steven Dubois,OH,2025-01-08
1059,Brian Smith,WV,2026-01-20
1060,Amara Wilson,MD,2026-02-23
1061,Grace Hassan,MD,2025-09-17
1062,Grace Martinez,OH,2026-01-10
1063,Priya Anderson,VA,2025-07-28
1064,Yasmin Chen,MD,2025-07-03
1065,Nina Miller,OH,2025-11-11
1066,Steven Anderson,MI,2025-05-22
1067,Aisha Dubois,VA,2025-08-24
1068,Elena Khan,OH,2025-08-08
1069,Daniel Diallo,NY,2025-02-23
1070,Omar Smith,MI,2025-04-04
1071,Ruby Zhang,PA,2026-03-22
1072,Fatima Hussain,OH,2025-03-23
1073,Kevin Nguyen,OH,2026-02-15
1074,Sofia Clark,MI,2025-02-28
1075,Omar Chen,PA,2026-03-26
1076,Priya Nguyen,MD,2026-06-15
1077,Amara Zhang,OH,2026-06-07
1078,Wei Petrova,MD,2025-02-06
1079,James Petrova,MD,2025-03-30
1080,Layla Patel,VA,2026-02-09
1081,Brian Smith,PA,2025-03-12
1082,Chloe White,MD,2025-12-23
1083,Robert Ahmed,VA,2025-07-19
1084,Carlos Smith,NY,2025-09-25
1085,Aisha Ibrahim,OH,2025-03-16
1086,Aisha Diallo,MD,2026-06-10
1087,Tyler Diallo,WV,2025-09-14
1088,Kevin Martinez,MI,2026-05-11
1089,Daniel Jackson,WV,2026-04-15
1090,Carlos Ali,VA,2025-01-29
1091,David Anderson,WV,2025-08-14
1092,Amara Wilson,MD,2026-02-27
1093,James Clark,NY,2025-09-27
1094,Kevin Patel,PA,2025-12-17
1095,Elena Chen,MD,2025-11-18
1096,Carlos Miller,WV,2025-07-07
1097,Ruby Davis,WV,2026-05-26
1098,Chloe Ahmed,NY,2025-09-29
1099,Tyler Ahmed,NY,2025-12-31
1100,Aisha Nguyen,WV,2025-03-22
1101,Nina Zhang,MI,2025-01-07
1102,Maria Ali,MD,2026-05-09
1103,Nina Harris,VA,2025-10-09
1104,Marcus Nguyen,MD,2026-06-08
1105,Marcus Martinez,PA,2025-05-12
1106,Grace Chen,OH,2025-02-03
1107,Jasmine Patel,VA,2025-06-28
1108,Steven Thomas,MD,2026-04-17
1109,James Patel,VA,2025-08-04
1110,Daniel Hussain,NY,2025-09-23
1111,Fatima Miller,OH,2026-04-28
1112,Elena Chen,NY,2026-03-11
1113,Marcus Hussain,MI,2026-01-09
1114,Anthony Petrova,OH,2025-05-15
1115,Tyler Khan,MI,2025-10-04
1116,Grace Ali,NY,2026-01-26
1117,Chloe Brown,,2026-04-30
1118,Grace Chen,MI,2025-05-18
1119,Yasmin Dubois,MI,2025-11-20
1120,Robert Ibrahim,VA,2025-02-18
1121,Elena Johnson,MI,2025-08-09
1122,Tyler Hassan,VA,2025-04-09
1123,Robert Hussain,OH,2026-01-04
1124,Amara Miller,PA,2025-12-19
1125,Layla Ali,OH,2025-07-23
1126,Omar Ibrahim,MI,2025-06-28
1127,Daniel Patel,VA,2026-06-07
1128,Anthony Harris,VA,2025-03-22
1129,Anthony Hassan,MI,2025-05-29
1130,Amara Nguyen,VA,2025-12-12
1131,Carlos Anderson,PA,2025-03-15
1132,Fatima Wilson,WV,2025-11-21
1133,Robert Zhang,MD,2026-02-09
1134,Marcus Ali,WV,2026-01-07
1135,Anthony Lee,NY,2025-06-21
1136,Michael Dubois,WV,2025-08-29
1137,Chloe Clark,NY,2025-03-23
1138,Aisha Khan,VA,2025-03-07
1139,James Jackson,OH,2026-02-11
1140,David Khan,OH,2025-09-26
1141,Omar Nguyen,MD,2026-02-04
1142,Chloe Rossi,WV,2026-03-30
1143,Brian White,PA,2025-06-24
1144,Layla Ali,MI,2025-11-30
1145,Jasmine Ibrahim,OH,2025-10-06
1146,Steven Ibrahim,OH,2025-07-01
1147,Omar Dubois,OH,2026-03-22
1148,Yasmin Rossi,VA,2025-12-22
1149,Amara Garcia,MD,2026-03-29
1150,Robert Brown,,2025-11-07
1151,Tyler Jackson,MD,2025-05-20
1152,Yasmin Smith,MI,2026-05-19
1153,James Jackson,MI,2026-03-17
1154,Fatima Diallo,OH,2025-01-08
1155,Grace Harris,VA,2026-03-24
1156,Steven Dubois,MI,2026-02-04
1157,Robert Garcia,WV,2026-03-09
1158,Marcus Diallo,MD,2025-10-06
1159,Yasmin Diallo,VA,2025-10-03
1160,David Petrova,MD,2025-05-20
1161,Anthony Zhang,MD,2026-04-09
1162,Nina Davis,PA,2025-11-25
1163,Yasmin Smith,PA,2025-07-10
1164,Michael Clark,,2026-03-25
1165,David Brown,VA,2025-01-16
1166,Grace Rossi,MD,2026-05-26
1167,Amara Johnson,PA,2025-12-05
1168,Michael Johnson,MI,2025-09-30
1169,Yasmin Chen,NY,2025-07-05
1170,Robert White,,2026-01-26
1171,Marcus Clark,VA,2025-09-12
1172,Anthony Ahmed,NY,2025-02-04
1173,Marcus Khan,WV,2026-06-18
1174,Nina Anderson,MD,2025-11-16
1175,Chloe Johnson,PA,2026-06-18
1176,Omar Rossi,MD,2025-07-23
1177,Jasmine Patel,PA,2025-08-12
1178,Grace Wilson,NY,2025-01-16
1179,Carlos Khan,MI,2026-02-10
1180,Maria Martinez,WV,2026-05-02
1181,Layla Jackson,NY,2025-04-02
1182,David Patel,MI,2025-12-13
1183,Maria Hussain,WV,2025-06-07
1184,Aisha Brown,NY,2026-05-15
1185,Yasmin Diallo,MI,2025-12-22
1186,Chloe Davis,WV,2025-01-22
1187,Chloe Brown,PA,2025-09-14
1188,Anthony Ibrahim,OH,2025-10-29
1189,John Martinez,OH,2025-07-11
1190,Chloe Taylor,MI,2025-10-09
1191,Ruby Ali,PA,2025-06-14
1192,Anthony Rossi,OH,2025-09-27
1193,James Jackson,VA,2026-06-03
1194,Nathan Smith,MI,2026-01-08
1195,Daniel Dubois,WV,2025-03-06
1196,Tyler Anderson,OH,2025-07-14
1197,Marcus Ibrahim,OH,2025-06-07
1198,Grace Hassan,PA,2025-11-26
1199,Priya Garcia,MI,2025-02-14
1200,Elena Ali,NY,2025-02-02
1201,John Khan,OH,2025-02-02
1202,Kevin Patel,OH,2026-05-17
1203,Carlos Miller,MD,2025-02-20
1204,Steven Garcia,NY,2025-01-14
1205,Ruby Harris,VA,2025-03-23
1206,Maria Hussain,MI,2026-03-02
1207,Steven Johnson,OH,2025-09-30
1208,David White,PA,2025-11-08
1209,Brian Khan,WV,2025-04-14
1210,Kevin Davis,OH,2025-07-17
1211,Carlos Hassan,OH,2025-07-03
1212,Grace Dubois,MI,2025-04-19
1213,Layla Patel,WV,2026-04-15
1214,Nathan Khan,MI,2025-06-20
1215,Kevin Thomas,WV,2025-12-12
1216,Wei Taylor,MD,2025-12-27
1217,Daniel Ali,VA,2026-01-16
1218,Grace White,OH,2025-11-28
1219,Yasmin Davis,MI,2026-01-20
1220,Chloe Miller,VA,2026-01-04
1221,Kevin Smith,MD,2025-02-05
1222,Brian Brown,PA,2025-11-06
1223,Fatima Davis,PA,2025-11-19
1224,Steven White,OH,2025-10-10
1225,Carlos Nguyen,PA,2025-06-08
1226,Layla Brown,MD,2025-05-22
1227,Carlos Ahmed,MD,2025-08-27
1228,David Martinez,OH,2026-02-14
1229,Chloe Garcia,MI,2025-11-29
1230,Nina White,OH,2025-04-08
1231,Maria Dubois,PA,2026-01-26
1232,Ruby Jackson,MD,2025-12-09
1233,Grace Lee,MI,2025-05-04
1234,Chloe Hassan,WV,2025-01-12
1235,Kevin Johnson,OH,2025-11-09
1236,Yasmin Martinez,MD,2025-06-03
1237,Fatima Brown,WV,2025-02-21
1238,Kevin Taylor,PA,2026-06-01
1239,Sofia Diallo,NY,2026-02-08
1240,David Chen,OH,2025-02-20
1241,David Anderson,VA,2026-05-29
1242,Michael Jackson,VA,2025-05-19
1243,Nina Anderson,OH,2025-07-20
1244,Chloe Thomas,NY,2025-09-10
1245,Marcus Lee,WV,2025-11-28
1246,David Khan,VA,2026-02-28
1247,John Wilson,OH,2025-12-19
1248,Marcus Rossi,MD,2025-06-23
1249,Amara Taylor,VA,2025-05-30
1250,Tyler Ahmed,WV,2025-07-24
1251,Marcus Dubois,PA,2025-03-29
1252,Fatima Zhang,MI,2025-06-01
1253,Sofia Smith,WV,2025-12-18
1254,Sofia Taylor,PA,2026-04-28
1255,Chloe Ibrahim,NY,2025-08-05
1256,Marcus Miller,OH,2026-05-10
1257,Michael Clark,VA,2025-01-19
1258,Priya Thomas,MD,2025-02-14
1259,Sofia Davis,PA,2025-10-05
1260,James Garcia,WV,2026-02-02
1261,Jasmine Nguyen,MI,2026-01-04
1262,Sofia Ali,NY,2026-01-31
1263,Brian Clark,MD,2025-04-12
1264,Wei Ibrahim,NY,2025-04-01
1265,Anthony Ibrahim,PA,2025-01-23
1266,Brian Rossi,VA,2025-12-08
1267,Elena Smith,WV,2025-12-22
1268,Omar Rossi,OH,2025-08-30
1269,Maria Hassan,VA,2025-09-21
1270,Tyler Smith,NY,2025-10-14
1271,Nathan Anderson,PA,2025-05-21
1272,Brian Patel,VA,2025-08-21
1273,Michael Lee,OH,2025-11-16
1274,Yasmin Brown,WV,2025-07-31
1275,Yasmin Patel,MI,2025-07-27
1276,Steven Clark,NY,2026-06-21
1277,Ruby Jackson,WV,2025-05-29
1278,Ruby Petrova,PA,2025-11-22
1279,Chloe Khan,MD,2025-07-08
1280,Michael Dubois,MI,2025-01-31
1281,Grace Lee,VA,2025-11-07
1282,Tyler Harris,NY,2025-10-08
1283,Aisha Brown,PA,2025-07-09
1284,Wei Zhang,OH,2025-10-01
1285,Fatima Zhang,NY,2025-08-26
1286,Layla Garcia,NY,2026-05-04
1287,Wei Chen,NY,2026-01-18
1288,Nina Chen,NY,2025-05-21
1289,Maria Lee,MD,2025-01-16
1290,Fatima Dubois,MI,2025-07-27
1291,Elena Nguyen,MI,2026-03-26
1292,Steven Wilson,NY,2026-04-14
1293,Marcus Johnson,WV,2026-01-25
1294,Wei Dubois,WV,2026-06-22
1295,Amara Johnson,PA,2026-06-18
1296,Tyler Harris,NY,2025-02-13
1297,Kevin Dubois,OH,2025-02-10
1298,Marcus Hassan,NY,2025-02-20
1299,Kevin Harris,MI,2025-11-08
1300,Anthony Petrova,MD,2026-03-09
1301,Maria Clark,NY,2026-06-14
1302,Omar Taylor,WV,2025-04-03
1303,Elena Jackson,VA,2025-05-19
1304,Anthony Smith,VA,2025-07-03
1305,Steven Harris,VA,2025-07-26
1306,Daniel Clark,WV,2025-06-17
1307,David Khan,WV,2026-04-06
1308,Brian Clark,WV,2026-01-29
1309,Brian Zhang,VA,2025-06-13
1310,Maria Jackson,MD,2025-06-24
1311,Priya Ali,NY,2025-06-03
1312,Elena Jackson,VA,2025-02-22
1313,Chloe Jackson,MD,2026-04-02
1314,Aisha Harris,,2025-05-15
1315,Marcus Miller,VA,2025-01-13
1316,Nina Ibrahim,OH,2025-01-06
1317,Fatima Davis,VA,2026-05-03
1318,David Zhang,NY,2025-01-07
1319,Robert Zhang,PA,2025-08-01
1320,Maria Hassan,PA,2025-12-24
1321,Maria Patel,MD,2025-11-02
1322,Maria Khan,NY,2026-03-03
1323,Sofia Zhang,VA,2025-07-01
1324,Layla Nguyen,PA,2025-02-06
1325,Daniel Hussain,MI,2026-01-24
1326,Grace White,MD,2025-03-08
1327,Aisha Clark,MD,2025-10-09
1328,Brian Davis,OH,2025-08-03
1329,Carlos Dubois,PA,2026-06-26
1330,Steven Zhang,VA,2025-10-22
1331,Daniel Miller,OH,2026-06-23
1332,Layla Nguyen,OH,2025-05-13
1333,Brian Dubois,VA,2026-05-25
1334,Nathan Zhang,WV,2025-08-27
1335,John Smith,PA,2025-05-02
1336,Amara Khan,MI,2025-08-01
1337,Grace Lee,MD,2025-02-16
1338,Amara Hassan,PA,2025-08-06
1339,Steven Rossi,MI,2025-09-18
1340,Sofia Thomas,,2025-11-28
1341,Priya Wilson,VA,2025-12-16
1342,Wei Smith,NY,2025-06-29
1343,Daniel Nguyen,VA,2026-05-06
1344,Omar Brown,NY,2026-05-09
1345,Nathan Ali,VA,2025-12-10
1346,Grace Nguyen,MI,2025-02-27
1347,Carlos Dubois,OH,2025-11-20
1348,John Martinez,MI,2025-12-06
1349,Amara Hussain,NY,2025-03-09
1350,James Wilson,WV,2026-01-20
1351,Elena Martinez,NY,2026-02-03
1352,Jasmine Diallo,WV,2025-11-12
1353,Steven Johnson,VA,2025-10-06
1354,Nathan Ahmed,VA,2026-01-16
1355,Sofia Davis,MD,2026-06-22
1356,Layla Diallo,MI,2025-02-08
1357,David Taylor,PA,2026-06-03
1358,Nathan Thomas,NY,2025-06-07
1359,Nina Dubois,MD,2026-06-21
1360,Michael Jackson,MI,2025-04-11
1361,Brian Patel,NY,2025-05-16
1362,Anthony Anderson,,2026-06-19
1363,Ruby Johnson,MD,2025-03-31
1364,Maria Khan,MI,2026-06-18
1365,Sofia Smith,WV,2025-11-16
1366,Daniel Davis,MD,2025-07-17
1367,Daniel Jackson,WV,2026-03-28
1368,Michael Petrova,,2025-10-08
1369,Wei Ibrahim,PA,2026-06-11
1370,Layla Ibrahim,MD,2025-11-23
1371,Steven Diallo,OH,2025-10-18
1372,David Rossi,OH,2025-12-13
1373,Michael Smith,WV,2026-04-28
1374,Kevin Johnson,VA,2025-03-30
1375,Steven Zhang,OH,2026-04-02
1376,Daniel White,WV,2025-07-22
1377,Amara Ibrahim,MI,2025-03-22
1378,Carlos Brown,MI,2025-04-06
1379,Steven Taylor,VA,2025-04-10
1380,Omar Clark,VA,2026-04-22
1381,Fatima Brown,MD,2025-09-22
1382,Steven Nguyen,MI,2025-12-05
1383,Daniel Taylor,PA,2026-05-15
1384,Aisha Hussain,VA,2026-05-06
1385,Sofia Jackson,OH,2025-12-23
1386,Brian Khan,MI,2026-02-20
1387,Aisha Wilson,MI,2025-03-14
1388,Anthony Anderson,NY,2026-02-28
1389,Yasmin Petrova,VA,2026-05-09
1390,John White,MI,2026-03-18
1391,Carlos Diallo,OH,2025-12-17
1392,Elena Patel,WV,2025-03-21
1393,Carlos White,PA,2026-05-14
1394,Anthony Wilson,MI,2025-04-10
1395,Sofia Anderson,OH,2025-03-13
1396,Tyler Zhang,MD,2026-01-24
1397,Priya Johnson,NY,2025-04-03
1398,Nathan Martinez,MI,2025-01-01
1399,Michael Taylor,MD,2026-06-29
1400,Carlos Taylor,NY,2025-07-20
1401,Daniel Rossi,VA,2025-11-08
1402,Ruby Hussain,,2025-04-02
1403,Brian Anderson,MI,2025-05-11
1404,Layla Harris,PA,2025-02-24
1405,Tyler Hussain,MI,2025-04-23
1406,James Ahmed,WV,2026-03-19
1407,Omar Wilson,VA,2026-01-27
1408,Yasmin Davis,VA,2025-06-27
1409,Yasmin Anderson,MI,2026-01-04
1410,Sofia Ali,,2025-05-09
1411,Omar Smith,WV,2025-05-28
1412,Priya Lee,PA,2025-05-20
1413,Amara Lee,MI,2026-04-12
1414,Ruby Lee,VA,2025-07-04
1415,Yasmin White,VA,2026-04-06
1416,Elena Lee,OH,2025-01-08
1417,Chloe Ahmed,MD,2026-05-29
1418,Yasmin Martinez,PA,2026-01-11
1419,Carlos Chen,PA,2026-01-13
1420,Steven Garcia,WV,2025-05-26
1421,Jasmine Jackson,VA,2025-10-14
1422,Brian Harris,NY,2025-04-01
1423,Chloe Patel,WV,2025-03-21
1424,Amara Martinez,OH,2025-11-16
1425,Daniel Ibrahim,VA,2025-01-12
1426,Nathan Chen,VA,2025-12-06
1427,Amara Rossi,NY,2025-10-24
1428,Ruby Zhang,WV,2025-11-08
1429,Robert Johnson,OH,2026-04-30
1430,Maria Patel,MI,2025-10-26
1431,James Rossi,PA,2026-05-12
1432,David Ali,MD,2025-10-12
1433,Robert Miller,PA,2025-09-21
1434,Wei Petrova,WV,2025-06-04
1435,Amara Petrova,MI,2025-09-25
1436,Nina Petrova,MI,2026-06-25
1437,David Brown,MI,2025-06-07
1438,Grace Jackson,NY,2026-01-28
1439,Chloe Hassan,NY,2025-06-21
1440,Tyler Hussain,WV,2025-02-25
1441,Tyler Khan,NY,2025-02-23
1442,Nina Rossi,WV,2026-05-03
1443,Ruby Ibrahim,VA,2025-08-28
1444,Kevin Chen,NY,2025-09-26
1445,Grace Smith,MI,2025-10-23
1446,Priya Wilson,WV,2026-06-27
1447,Aisha Nguyen,WV,2026-06-29
1448,Jasmine Lee,MD,2025-10-07
1449,Amara Khan,WV,2025-09-19
1450,Anthony Jackson,WV,2025-09-05
1451,Marcus Davis,MD,2026-06-17
1452,Elena Wilson,,2025-01-11
1453,David Smith,PA,2026-02-26
1454,Priya Taylor,NY,2025-12-26
1455,Robert Davis,PA,2025-02-04
1456,Maria Zhang,OH,2025-08-11
1457,Steven Khan,MI,2025-03-30
1458,Kevin Patel,PA,2025-07-09
1459,Robert Rossi,WV,2026-04-24
1460,Omar Taylor,MI,2025-10-11
1461,Nathan Patel,MD,2025-11-28
1462,David Miller,VA,2025-03-05
1463,Maria Miller,NY,2025-09-29
1464,Nina Nguyen,OH,2025-07-25
1465,Omar Chen,NY,2025-04-22
1466,Grace Davis,VA,2025-04-19
1467,Aisha Johnson,PA,2025-03-16
1468,Robert Jackson,PA,2026-04-02
1469,Michael Hassan,PA,2025-01-01
1470,Robert Brown,VA,2025-12-04
1471,Brian Clark,VA,2026-05-18
1472,Jasmine Dubois,OH,2025-03-13
1473,Kevin Clark,PA,2026-05-09
1474,Ruby Hussain,WV,2025-12-08
1475,Maria Hassan,MD,2025-04-03
1476,Daniel Garcia,MI,2026-04-16
1477,Omar Davis,OH,2025-06-30
1478,Kevin Patel,MD,2025-07-15
1479,Nathan Khan,VA,2026-01-03
1480,Omar Taylor,NY,2025-07-14
1481,James Dubois,VA,2025-09-02
1482,Amara Ibrahim,VA,2025-11-12
1483,Tyler Diallo,PA,2026-04-06
1484,Maria Wilson,VA,2025-02-13
1485,Amara Hassan,VA,2026-06-20
1486,Jasmine Ali,WV,2025-06-02
1487,Ruby Garcia,WV,2025-02-07
1488,Omar Smith,OH,2026-04-28
1489,Steven Hassan,PA,2025-05-14
1490,Maria Harris,MI,2025-11-11
1491,Anthony Zhang,MI,2025-06-24
1492,Tyler White,PA,2025-04-19
1493,Amara Zhang,PA,2025-08-14
1494,Grace Wilson,MD,2026-02-16
1495,Priya Martinez,MD,2025-05-21
1496,Amara Davis,OH,2025-02-16
1497,David Khan,NY,2025-10-08
1498,Elena Clark,OH,2026-01-14
1499,Fatima Nguyen,NY,2025-02-11
1500,Jasmine Hassan,MI,2026-01-21
1501,Nathan Chen,,2025-03-24
1502,Ruby Garcia,VA,2025-10-18
1503,Amara Jackson,WV,2026-05-03
1504,Michael Hassan,OH,2025-10-05
1505,Fatima Petrova,OH,2025-02-08
1506,Nina Zhang,WV,2025-04-01
1507,Sofia Hussain,PA,2026-03-05
1508,John Khan,PA,2026-06-27
1509,Jasmine Jackson,NY,2026-06-04
1510,Omar Patel,MD,2025-08-02
1511,Aisha Diallo,WV,2025-06-02
1512,Ruby Chen,NY,2026-05-25
1513,Ruby Johnson,WV,2025-02-25
1514,John Lee,MD,2025-09-15
1515,Nathan Jackson,PA,2026-04-10
1516,Maria Nguyen,NY,2025-06-30
1517,Nina Thomas,PA,2025-04-29
1518,Chloe Taylor,VA,2025-11-30
1519,Priya Harris,NY,2025-11-30
1520,Daniel Ahmed,NY,2025-04-11
1521,Jasmine Davis,NY,2026-01-20
1522,Carlos Chen,VA,2025-02-25
1523,Ruby Zhang,NY,2026-04-11
1524,Michael Taylor,WV,2025-07-18
1525,Robert Davis,NY,2025-12-10
1526,Carlos Johnson,NY,2025-10-15
1527,Anthony Taylor,NY,2026-03-05
1528,Fatima Harris,OH,2025-10-30
1529,Amara Hassan,OH,2025-06-24
1530,Jasmine Ahmed,VA,2025-03-30
1531,Nina Ali,OH,2025-08-10
1532,Anthony Miller,WV,2025-01-15
1533,Jasmine Ahmed,MD,2025-09-11
1534,Fatima Harris,OH,2025-06-02
1535,Grace Johnson,VA,2025-02-11
1536,Brian Johnson,OH,2026-03-12
1537,Amara Diallo,VA,2025-04-11
1538,David Ibrahim,WV,2025-01-13
1539,John Brown,MD,2026-01-03
1540,David Smith,WV,2026-05-07
1541,Steven Taylor,VA,2025-01-25
1542,Michael Ali,NY,2026-02-20
1543,Layla Hassan,WV,2026-04-21
1544,Jasmine Hassan,VA,2025-03-14
1545,Daniel Thomas,MD,2025-02-03
1546,Robert Clark,MI,2025-08-01
1547,Wei Harris,WV,2025-12-10
1548,Brian Nguyen,PA,2026-01-08
1549,Layla Taylor,MD,2025-02-11
1550,Omar Ibrahim,OH,2025-03-10
1551,John Brown,NY,2025-12-09
1552,Omar Chen,MI,2025-08-03
1553,Fatima Wilson,MD,2025-12-28
1554,Grace Miller,PA,2025-02-25
1555,Anthony Chen,OH,2026-05-29
1556,Nina Clark,WV,2026-06-29
1557,Nathan Rossi,OH,2026-04-08
1558,Priya Clark,NY,2025-03-09
1559,Anthony Garcia,VA,2025-03-24
1560,Sofia Garcia,NY,2025-04-22
1561,Steven Brown,NY,2026-05-24
1562,Brian Hassan,MD,2025-01-24
1563,Priya Ibrahim,VA,2025-05-16
1564,Anthony Dubois,MD,2025-01-22
1565,James Ali,MI,2025-08-26
1566,Omar Wilson,OH,2026-02-26
1567,Omar Diallo,VA,2025-12-01
1568,Steven Thomas,VA,2026-04-01
1569,Michael Harris,NY,2025-11-10
1570,Fatima Chen,MD,2026-01-16
1571,Maria Brown,MD,2025-12-28
1572,Elena Zhang,WV,2025-06-14
1573,Elena Petrova,NY,2025-06-07
1574,Maria Wilson,VA,2025-05-10
1575,Elena Davis,WV,2025-02-05
1576,Layla Brown,VA,2026-01-17
1577,Elena Ibrahim,PA,2025-11-05
1578,Kevin Nguyen,MI,2026-05-27
1579,Anthony Nguyen,,2025-11-24
1580,Chloe Ibrahim,MD,2026-06-04
1581,Sofia Chen,MI,2025-10-24
1582,Carlos Patel,MI,2025-05-31
1583,Ruby Nguyen,MD,2026-03-29
1584,Chloe Chen,NY,2025-02-11
1585,Aisha Rossi,VA,2025-01-26
1586,Fatima Taylor,PA,2026-01-01
1587,Wei Hassan,OH,2025-07-19
1588,Amara Nguyen,,2025-10-12
1589,Yasmin Ali,WV,2026-04-02
1590,David Thomas,NY,2026-02-08
1591,Wei Zhang,PA,2026-06-08
1592,Layla Anderson,WV,2025-06-01
1593,Layla Anderson,PA,2026-01-17
1594,Layla Rossi,MI,2026-04-02
1595,John Dubois,WV,2026-03-31
1596,Amara Taylor,NY,2025-10-23
1597,Nathan Lee,NY,2026-03-01
1598,Wei Garcia,NY,2025-05-28
1599,Jasmine Thomas,PA,2025-12-10
1600,Carlos Jackson,,2026-01-20
1601,Omar Nguyen,VA,2025-10-07
1602,Anthony Clark,NY,2025-05-21
1603,Kevin Rossi,PA,2026-05-18
1604,Sofia White,VA,2025-11-08
1605,Anthony Ahmed,,2025-01-28
1606,Robert Rossi,PA,2026-04-29
1607,Nathan Rossi,NY,2026-03-04
1608,Steven Hassan,PA,2025-09-08
1609,Robert Chen,OH,2025-03-10
1610,Carlos Chen,MI,2026-03-23
1611,Priya Chen,MD,2025-05-03
1612,Carlos Smith,NY,2025-09-23
1613,Michael Wilson,WV,2026-04-18
1614,Elena Johnson,MD,2025-10-07
1615,Ruby Hussain,MD,2025-02-19
1616,Omar Nguyen,OH,2025-03-20
1617,Omar Petrova,OH,2025-04-07
1618,Yasmin Wilson,MI,2025-11-20
1619,Amara Rossi,WV,2025-10-05
1620,Layla Khan,MI,2025-12-27
1621,Michael Thomas,MD,2025-10-16
1622,Grace Wilson,PA,2025-06-16
1623,Brian Ahmed,MI,2025-07-12
1624,Wei Clark,MI,2026-06-23
1625,Yasmin Clark,VA,2025-04-27
1626,David Khan,PA,2025-05-15
1627,Sofia Clark,NY,2026-01-07
1628,Nathan Zhang,MI,2026-06-20
1629,Elena Clark,PA,2025-11-08
1630,Aisha Ahmed,MI,2025-05-12
1631,Steven Ahmed,NY,2025-11-11
1632,David Lee,,2025-04-25
1633,Nina Jackson,PA,2026-03-18
1634,Maria Diallo,OH,2026-06-10
1635,Aisha Nguyen,PA,2025-09-17
1636,Priya Smith,MI,2025-04-09
1637,Wei Davis,NY,2025-07-24
1638,James Garcia,MI,2025-05-30
1639,Robert Martinez,MD,2025-12-23
1640,Brian Jackson,OH,2025-09-05
1641,Aisha White,OH,2025-01-15
1642,John Rossi,MI,2025-06-25
1643,Chloe Khan,OH,2025-08-08
1644,Nina Hussain,VA,2025-07-09
1645,Aisha Petrova,VA,2025-12-30
1646,Brian Ahmed,PA,2026-02-22
1647,Daniel Khan,PA,2026-04-23
1648,Nina Jackson,WV,2026-01-05
1649,Chloe Johnson,MD,2025-03-26
1650,Kevin Rossi,OH,2026-04-13
1651,Priya White,NY,2026-03-31
1652,Sofia Ali,NY,2026-03-15
1653,Nathan White,WV,2026-05-03
1654,James Patel,WV,2026-05-19
1655,Anthony Thomas,PA,2025-03-29
1656,Kevin Clark,WV,2025-04-15
1657,Elena Garcia,NY,2026-01-08
1658,Wei Ali,PA,2026-02-18
1659,Grace Dubois,MD,2026-05-27
1660,Marcus Martinez,MI,2025-10-07
1661,Omar Anderson,VA,2025-12-31
1662,Kevin Chen,MD,2026-06-08
1663,Anthony Khan,MD,2025-05-06
1664,Fatima Hassan,PA,2025-05-18
1665,Maria White,VA,2025-03-11
1666,Elena Anderson,NY,2025-12-01
1667,Wei Khan,WV,2025-03-20
1668,Marcus Chen,NY,2026-04-23
1669,Nina Chen,MD,2026-06-01
1670,Amara Ali,MI,2025-01-19
1671,Grace Harris,VA,2025-05-02
1672,Jasmine Anderson,VA,2026-03-30
1673,Elena Ibrahim,WV,2025-11-07
1674,Grace Brown,WV,2025-11-16
1675,Marcus Khan,WV,2026-05-18
1676,Yasmin Martinez,VA,2026-04-27
1677,Elena Thomas,VA,2025-02-27
1678,Carlos Anderson,MI,2025-12-28
1679,Daniel Johnson,OH,2025-01-29
1680,Tyler Hussain,MI,2025-12-24
1681,James Jackson,VA,2025-12-16
1682,Layla Hussain,MD,2026-02-26
1683,Fatima Ahmed,WV,2025-08-29
1684,David Nguyen,MI,2025-03-09
1685,Daniel Petrova,OH,2025-01-21
1686,Anthony Patel,OH,2026-03-09
1687,Grace Miller,WV,2025-01-21
1688,James Wilson,OH,2026-01-22
1689,Carlos Khan,PA,2026-05-16
1690,John Wilson,OH,2026-05-24
1691,Priya Wilson,OH,2025-06-20
1692,Grace Davis,WV,2026-05-24
1693,Amara Garcia,MD,2025-08-08
1694,Sofia Martinez,MI,2026-02-16
1695,Chloe Garcia,OH,2025-04-08
1696,David Martinez,VA,2026-06-28
1697,Layla Diallo,WV,2025-03-20
1698,Brian Diallo,VA,2025-11-04
1699,Daniel Davis,VA,2026-03-01
1700,Brian Taylor,PA,2025-07-04
1701,Brian Ali,OH,2025-07-11
1702,Priya White,MD,2026-04-24
1703,Yasmin Diallo,OH,2026-03-21
1704,Maria Thomas,MD,2025-07-25
1705,Fatima Brown,MI,2025-11-04
1706,Daniel Ali,WV,2025-03-07
1707,Grace Miller,WV,2025-10-21
1708,Priya Zhang,VA,2025-08-30
1709,Michael Davis,NY,2025-01-29
1710,Sofia Taylor,OH,2026-05-13
1711,Grace Hassan,NY,2025-02-07
1712,Michael Smith,MI,2025-09-22
1713,Priya Ibrahim,WV,2025-06-30
1714,Chloe Chen,PA,2025-01-21
1715,David Wilson,MI,2025-11-02
1716,Grace Harris,WV,2026-01-08
1717,David Anderson,NY,2025-05-24
1718,Chloe Thomas,OH,2025-05-04
1719,Carlos Jackson,MD,2026-06-22
1720,David Ahmed,MI,2025-05-06
1721,Daniel White,MI,2026-02-04
1722,Fatima Nguyen,NY,2026-03-10
1723,Elena Davis,VA,2025-10-09
1724,Jasmine Martinez,VA,2025-02-27
1725,Steven Khan,OH,2025-11-21
1726,Priya Ahmed,MI,2025-10-12
1727,Layla Chen,MI,2026-01-12
1728,Omar Harris,MI,2025-02-05
1729,Amara Johnson,MD,2025-09-03
1730,Sofia Hassan,MI,2026-01-07
1731,Yasmin Ali,MI,2025-08-31
1732,James Nguyen,MD,2026-02-07
1733,Ruby White,MD,2025-08-30
1734,Nathan Petrova,WV,2026-03-26
1735,Amara Jackson,MI,2026-02-21
1736,Jasmine Garcia,VA,2026-05-19
1737,Ruby White,WV,2025-12-07
1738,Ruby White,MI,2025-04-13
1739,Robert Thomas,MD,2025-03-09
1740,Chloe White,VA,2025-12-01
1741,Marcus Johnson,WV,2025-07-08
1742,Omar Brown,VA,2025-01-04
1743,Sofia Wilson,PA,2025-03-26
1744,Brian Clark,MI,2025-05-14
1745,Grace Diallo,VA,2025-11-24
1746,Chloe Brown,NY,2025-09-24
1747,Tyler Wilson,NY,2025-10-16
1748,Layla Petrova,VA,2026-02-07
1749,Nathan Martinez,PA,2025-08-18
1750,Ruby Ibrahim,PA,2025-08-23
1751,John Miller,PA,2025-06-22
1752,Grace Zhang,NY,2025-09-24
1753,Layla Petrova,PA,2025-05-01
1754,Grace Jackson,MI,2026-04-10
1755,Aisha Ahmed,NY,2025-07-28
1756,Tyler Diallo,MD,2025-09-30
1757,Kevin Brown,MI,2026-03-18
1758,John White,WV,2025-10-17
1759,Grace Petrova,MI,2026-02-23
1760,Sofia Miller,OH,2025-08-30
1761,Fatima Hussain,,2026-04-15
1762,Michael Ali,WV,2025-11-28
1763,John Clark,WV,2026-01-28
1764,Wei Miller,PA,2025-03-16
1765,Maria Wilson,VA,2025-08-29
1766,Wei Patel,PA,2025-02-16
1767,Wei Anderson,VA,2025-11-06
1768,Michael Harris,OH,2025-02-12
1769,Elena Thomas,MD,2026-05-20
1770,Michael Garcia,WV,2025-11-21
1771,Michael Miller,MD,2025-04-30
1772,Michael Chen,WV,2025-10-15
1773,Grace Rossi,OH,2025-09-27
1774,Ruby Miller,MD,2026-06-14
1775,Elena Wilson,MI,2026-05-19
1776,Yasmin Ali,PA,2026-03-27
1777,Maria Ahmed,PA,2025-07-07
1778,Elena Clark,VA,2026-04-24
1779,Nathan Nguyen,PA,2026-05-22
1780,Steven Ibrahim,VA,2026-05-12
1781,Jasmine Dubois,PA,2025-06-01
1782,John Ali,NY,2025-10-18
1783,Chloe Thomas,OH,2025-10-07
1784,Carlos Davis,OH,2025-01-05
1785,Elena Lee,NY,2025-03-20
1786,Priya Khan,PA,2025-12-03
1787,Priya Khan,MD,2026-02-08
1788,Aisha White,,2025-11-28
1789,Anthony White,VA,2026-05-07
1790,Robert Zhang,MD,2025-01-06
1791,Omar Zhang,MD,2026-04-09
1792,Chloe Nguyen,NY,2025-05-13
1793,Amara Hassan,MD,2025-10-17
1794,Chloe Garcia,PA,2026-01-26
1795,Elena Ahmed,,2026-02-13
1796,John Petrova,MI,2026-02-02
1797,Omar Jackson,PA,2025-06-07
1798,Amara Lee,WV,2025-11-14
1799,Layla Patel,MI,2025-04-09
1800,John Chen,VA,2026-04-02
1801,Carlos Zhang,PA,2026-03-10
1802,Amara Hussain,VA,2025-07-10
1803,David Johnson,MD,2026-06-10
1804,Priya Ahmed,VA,2025-06-08
1805,Omar Thomas,MD,2025-03-27
1806,David Nguyen,MD,2026-05-05
1807,Michael Patel,MI,2025-11-04
1808,Grace Rossi,OH,2025-02-18
1809,Maria Thomas,OH,2025-04-21
1810,Aisha Taylor,MD,2025-09-17
1811,David Jackson,PA,2026-05-31
1812,Priya Taylor,MI,2025-07-03
1813,Kevin Johnson,VA,2025-03-27
1814,Sofia Wilson,MI,2026-04-11
1815,Wei Diallo,MD,2025-09-29
1816,Jasmine Diallo,NY,2025-07-11
1817,Chloe Zhang,MI,2025-09-23
1818,Grace Ibrahim,PA,2025-01-19
1819,James Petrova,VA,2026-05-04
1820,Jasmine Patel,MD,2026-05-14
1821,Wei Hussain,MI,2026-02-09
1822,Michael Brown,NY,2025-01-15
1823,James Clark,,2025-07-12
1824,Nina Hassan,WV,2025-05-29
1825,Tyler Hassan,PA,2025-07-15
1826,Anthony Brown,,2026-05-01
1827,Elena Harris,WV,2025-06-06
1828,Nina Chen,MI,2025-01-21
1829,Fatima Davis,OH,2025-10-29
1830,Kevin Johnson,PA,2025-12-08
1831,Jasmine Clark,VA,2026-03-19
1832,Chloe Martinez,PA,2025-10-25
1833,Nina Thomas,NY,2026-05-15
1834,Brian Smith,OH,2026-03-09
1835,David Miller,VA,2026-03-04
1836,Wei Hassan,VA,2025-12-22
1837,James Petrova,WV,2025-10-22
1838,Layla Taylor,OH,2025-08-26
1839,Ruby Patel,OH,2025-12-14
1840,Steven Patel,NY,2026-04-25
1841,Chloe Clark,VA,2026-02-04
1842,Priya Hassan,MI,2026-01-04
1843,Jasmine Petrova,MD,2025-08-01
1844,David Patel,NY,2026-05-10
1845,Elena Zhang,PA,2026-05-19
1846,Nina Rossi,NY,2025-08-29
1847,James Hussain,MD,2025-09-25
1848,Elena White,PA,2026-05-31
1849,Daniel Lee,OH,2025-04-27
1850,Yasmin Ahmed,MD,2026-05-14
1851,Amara Hussain,MI,2025-02-17
1852,Robert Harris,MI,2025-06-04
1853,Brian Zhang,WV,2025-04-17
1854,Anthony Diallo,MI,2026-04-14
1855,Aisha Diallo,MI,2025-04-15
1856,Brian Khan,WV,2025-06-21
1857,John Nguyen,NY,2026-01-06
1858,Steven Taylor,VA,2026-06-03
1859,Aisha Brown,MD,2026-01-08
1860,Aisha Ali,VA,2025-07-26
1861,Marcus Jackson,NY,2025-01-07
1862,Nina Wilson,OH,2025-10-21
1863,Robert Hussain,MD,2026-03-01
1864,Fatima Brown,VA,2026-06-27
1865,Michael Diallo,VA,2026-03-16
1866,Nathan Taylor,MI,2026-06-13
1867,James Taylor,,2025-05-30
1868,Amara Thomas,PA,2025-03-13
1869,Kevin Jackson,VA,2025-06-18
1870,Marcus Johnson,OH,2025-06-04
1871,Omar Clark,MD,2026-06-17
1872,Nathan Patel,WV,2025-11-08
1873,Ruby Hussain,MI,2025-01-09
1874,Brian Zhang,WV,2025-05-31
1875,Omar Davis,WV,2026-03-29
1876,Amara Diallo,MI,2026-02-19
1877,Sofia Garcia,OH,2025-02-07
1878,Chloe Dubois,OH,2025-05-10
1879,Sofia Davis,OH,2025-04-06
1880,Brian Wilson,,2025-06-13
1881,Amara Ibrahim,NY,2025-09-22
1882,Sofia Dubois,OH,2026-03-09
1883,Maria White,MD,2026-01-17
1884,Layla Khan,MI,2025-02-18
1885,Aisha Taylor,OH,2025-11-02
1886,Anthony Wilson,MI,2025-08-30
1887,Carlos Martinez,MD,2025-08-28
1888,Priya Diallo,WV,2025-05-24
1889,Chloe Ahmed,MD,2025-04-18
1890,John White,VA,2026-01-05
1891,Steven Lee,PA,2026-02-26
1892,Grace Harris,VA,2025-05-14
1893,David Hussain,VA,2026-06-23
1894,Brian Jackson,MI,2026-02-09
1895,Nina Hassan,VA,2026-03-10
1896,Nina Dubois,MI,2026-03-03
1897,Brian Brown,WV,2026-05-12
1898,Steven Thomas,PA,2026-06-26
1899,Anthony Chen,WV,2025-02-03
1900,Yasmin Hussain,OH,2025-05-02
1901,Aisha Khan,OH,2026-01-14
1902,Brian Brown,MD,2025-05-01
1903,Layla Rossi,,2025-10-29
1904,Michael Brown,PA,2026-03-08
1905,Sofia Harris,NY,2025-10-18
1906,Chloe Chen,PA,2025-01-03
1907,David Ali,VA,2025-02-15
1908,Sofia Martinez,MD,2026-04-09
1909,Nina White,MI,2025-05-16
1910,Omar Taylor,WV,2026-04-06
1911,Jasmine Dubois,PA,2025-11-30
1912,Priya Zhang,VA,2026-02-24
1913,Kevin Wilson,WV,2025-02-16
1914,Chloe Miller,MI,2025-04-01
1915,James Martinez,OH,2025-11-13
1916,Omar Ibrahim,NY,2025-03-29
1917,Yasmin Martinez,OH,2025-02-24
1918,Marcus Chen,PA,2026-05-30
1919,Ruby Ibrahim,PA,2025-07-04
1920,John Ahmed,PA,2026-03-31
1921,Wei Wilson,OH,2026-02-16
1922,Jasmine Nguyen,MD,2025-01-24
1923,Grace Smith,MD,2026-06-25
1924,David Khan,OH,2025-04-12
1925,Michael Petrova,MI,2025-09-19
1926,Sofia Lee,PA,2025-06-23
1927,Daniel Petrova,WV,2025-01-28
1928,Kevin Khan,NY,2025-11-24
1929,Daniel Miller,MI,2026-01-20
1930,Maria Davis,MI,2025-09-03
1931,Fatima Chen,MI,2026-06-05
1932,Aisha Miller,MD,2025-03-04
1933,Grace Garcia,PA,2026-05-11
1934,Fatima Nguyen,MD,2025-01-20
1935,Carlos Patel,NY,2025-04-14
1936,Omar Diallo,MD,2025-05-09
1937,Anthony Garcia,NY,2026-05-28
1938,Michael Hussain,MI,2025-06-22
1939,Grace Nguyen,,2026-04-08
1940,Anthony White,WV,2025-10-24
1941,James Johnson,MD,2026-05-09
1942,Tyler Patel,MD,2026-01-25
1943,John Martinez,MD,2026-06-07
1944,Chloe Ibrahim,MD,2025-03-13
1945,Steven Khan,WV,2025-05-24
1946,Robert Harris,NY,2026-03-19
1947,Amara Wilson,WV,2025-12-17
1948,Marcus Clark,MD,2026-04-09
1949,Daniel Wilson,VA,2025-08-04
1950,Daniel Smith,WV,2025-05-17
1951,Wei Chen,PA,2025-01-05
1952,Grace Ibrahim,MI,2026-05-16
1953,David Diallo,OH,2025-03-21
1954,Tyler White,WV,2026-04-01
1955,Tyler Anderson,VA,2026-01-02
1956,Marcus Diallo,PA,2025-01-09
1957,Ruby Davis,PA,2026-04-01
1958,James Jackson,WV,2025-10-15
1959,Layla Davis,MI,2025-04-03
1960,Sofia Diallo,NY,2025-08-15
1961,Layla Johnson,VA,2025-10-15
1962,Steven Zhang,PA,2025-08-03
1963,Tyler Hassan,PA,2026-02-10
1964,Carlos Thomas,NY,2026-05-21
1965,Priya Dubois,PA,2025-06-29
1966,Chloe Garcia,MD,2025-05-11
1967,Jasmine Ahmed,WV,2026-06-20
1968,John Ali,WV,2025-01-24
1969,Wei Miller,PA,2026-04-10
1970,Omar Patel,MI,2025-02-23
1971,Grace Ali,MD,2026-02-21
1972,Brian Taylor,MD,2026-05-23
1973,Maria Harris,PA,2025-08-18
1974,Grace Ibrahim,,2026-04-05
1975,John Wilson,OH,2025-03-25
1976,Chloe Ahmed,PA,2026-03-10
1977,John Petrova,MD,2025-12-04
1978,Omar Khan,VA,2025-01-29
1979,James Martinez,MI,2025-12-09
1980,Aisha Chen,MD,2025-09-02
1981,Tyler Wilson,MI,2026-06-17
1982,David Jackson,MI,2026-03-26
1983,Anthony Martinez,PA,2025-05-08
1984,Ruby Johnson,MD,2026-01-22
1985,Steven Garcia,PA,2025-05-11
1986,Anthony Johnson,OH,2025-11-05
1987,David Khan,OH,2025-02-27
1988,Jasmine Anderson,PA,2026-02-16
1989,Grace Ahmed,VA,2025-01-11
1990,Amara Lee,MD,2025-04-14
1991,Priya Diallo,VA,2025-01-27
1992,Carlos Davis,,2025-04-21
1993,Steven Garcia,OH,2025-07-18
1994,Brian Miller,VA,2025-12-30
1995,Wei Taylor,NY,2025-07-10
1996,Maria Johnson,MD,2025-05-11
1997,Brian Hassan,MD,2026-01-02
1998,Yasmin Jackson,NY,2025-05-30
1999,Wei Wilson,MD,2025-10-26
2000,Brian Martinez,PA,2025-05-29
2001,Tyler White,VA,2025-02-25
2002,John Hassan,MI,2025-07-26
2003,John Patel,WV,2026-05-03
2004,Anthony Zhang,MI,2025-12-06
2005,Daniel Zhang,VA,2025-11-03
2006,Aisha Taylor,VA,2025-02-13
2007,James Hassan,WV,2025-08-17
2008,Wei Davis,VA,2025-09-02
2009,Tyler Wilson,NY,2026-01-20
2010,Tyler Smith,PA,2026-01-07
2011,James Ibrahim,NY,2025-04-28
2012,John Hassan,PA,2026-01-04
2013,John Davis,NY,2025-10-18
2014,Robert Dubois,MD,2025-06-28
2015,Fatima Petrova,PA,2025-07-20
2016,Robert Nguyen,PA,2025-04-14
2017,Michael Anderson,MD,2025-04-24
2018,Sofia Taylor,MD,2025-09-03
2019,Priya Petrova,MI,2026-06-24
2020,Nathan Lee,PA,2025-03-08
2021,Ruby Brown,NY,2025-07-14
2022,Steven Hussain,OH,2025-11-22
2023,Omar Ahmed,MI,2025-02-17
2024,John Ali,MI,2025-10-29
2025,Fatima Johnson,MI,2025-10-14
2026,Brian Martinez,NY,2026-05-16
2027,Amara Chen,NY,2025-03-08
2028,Marcus Harris,MD,2026-06-06
2029,Anthony Petrova,WV,2025-11-26
2030,Steven Chen,VA,2026-05-22
2031,Kevin Hassan,NY,2025-02-07
2032,John Taylor,VA,2025-08-29
2033,Grace Harris,OH,2026-01-22
2034,Tyler Hussain,OH,2025-09-18
2035,Marcus Garcia,VA,2025-10-30
2036,Fatima Martinez,VA,2025-02-12
2037,Daniel Lee,VA,2026-04-07
2038,Layla Diallo,MD,2026-05-25
2039,James Petrova,NY,2026-03-29
2040,David Hussain,MD,2025-03-26
2041,Brian Ibrahim,MI,2025-03-22
2042,Fatima Khan,PA,2025-05-02
2043,Yasmin Davis,NY,2025-12-08
2044,Robert Rossi,NY,2025-10-09
2045,Michael Ali,PA,2025-09-25
2046,Sofia White,MI,2025-12-21
2047,Kevin White,VA,2025-01-13
2048,Marcus Brown,NY,2026-02-12
2049,Chloe Davis,NY,2026-05-01
2050,Amara Ibrahim,WV,2026-04-25
2051,Daniel Diallo,MD,2025-03-29
2052,Grace Jackson,NY,2026-03-04
2053,Jasmine Ibrahim,MD,2025-01-31
2054,Jasmine Brown,,2025-11-09
2055,Amara Patel,MD,2025-12-30
2056,Grace Patel,MI,2026-02-18
2057,Yasmin Rossi,,2025-11-30
2058,Amara Johnson,NY,2025-05-23
2059,Daniel Martinez,VA,2026-02-05
2060,Kevin Garcia,NY,2026-01-31
2061,Daniel Martinez,WV,2026-04-08
2062,David Petrova,WV,2025-04-17
2063,Maria White,PA,2026-05-16
2064,David Nguyen,MD,2026-01-31
2065,Sofia Patel,PA,2026-06-21
2066,Layla Thomas,NY,2025-01-12
2067,Ruby Lee,NY,2026-02-05
2068,Michael Ibrahim,VA,2026-03-05
2069,Kevin Harris,NY,2025-07-31
2070,Sofia Lee,NY,2026-05-02
2071,Sofia Martinez,OH,2025-07-27
2072,Anthony Miller,PA,2025-07-26
2073,Anthony Garcia,OH,2026-02-13
2074,Brian Wilson,VA,2026-05-18
2075,Maria Dubois,MD,2025-04-04
2076,Ruby Taylor,WV,2025-12-22
2077,Amara Rossi,OH,2026-02-05
2078,Jasmine Petrova,NY,2026-03-02
2079,Wei Dubois,VA,2026-03-19
2080,Priya Petrova,VA,2025-04-08
2081,Maria Ahmed,MD,2025-06-11
2082,Yasmin Rossi,WV,2025-03-10
2083,Nathan Davis,VA,2026-05-21
2084,Yasmin Khan,PA,2026-01-13
2085,Brian Jackson,VA,2025-11-30
2086,Robert Davis,PA,2026-06-03
2087,David Hassan,VA,2026-04-18
2088,Kevin Ali,VA,2025-07-19
2089,Robert Khan,MD,2025-05-20
2090,Anthony Chen,PA,2026-04-18
2091,Priya Ahmed,NY,2026-03-25
2092,Robert White,NY,2025-06-15
2093,Wei Khan,MD,2025-07-01
2094,Chloe Anderson,PA,2025-06-22
2095,James Patel,NY,2025-10-07
2096,Elena Davis,WV,2025-02-05
2097,Anthony Clark,MI,2025-02-18
2098,Brian Hassan,VA,2025-04-16
2099,Anthony Johnson,PA,2025-01-05
2100,Marcus Davis,MD,2025-09-13
2101,John Garcia,,2025-01-17
2102,James Wilson,WV,2025-07-16
2103,Fatima Harris,MI,2025-04-09
2104,Priya Petrova,PA,2025-06-21
2105,Aisha White,MD,2025-12-01
2106,John Zhang,OH,2025-08-01
2107,Grace Khan,NY,2025-08-26
2108,Daniel Petrova,VA,2025-01-16
2109,James Anderson,VA,2025-08-06
2110,Priya White,WV,2025-10-13
2111,Maria Garcia,VA,2025-08-12
2112,Wei Chen,WV,2025-04-15
2113,Ruby Ali,MD,2025-06-25
2114,Wei Wilson,WV,2026-02-02
2115,Marcus Clark,MD,2025-05-17
2116,Marcus Harris,MI,2025-11-22
2117,David Wilson,OH,2025-01-19
2118,Anthony Anderson,WV,2026-06-08
2119,Brian Martinez,,2025-01-14
2120,Marcus Harris,MD,2025-05-08
2121,Grace Jackson,OH,2025-09-07
2122,Michael Hussain,MD,2026-05-26
2123,Kevin Davis,NY,2025-02-08
2124,Wei Taylor,NY,2025-12-03
2125,Omar Diallo,OH,2025-02-10
2126,Grace Hassan,,2025-10-23
2127,Jasmine Dubois,MD,2025-12-06
2128,Yasmin Johnson,MI,2025-09-12
2129,Chloe Ahmed,OH,2026-01-26
2130,Anthony Hassan,PA,2025-01-07
2131,David Davis,WV,2025-02-23
2132,John Brown,NY,2025-04-04
2133,Tyler Diallo,NY,2025-07-29
2134,Grace Dubois,MD,2026-04-24
2135,John Ahmed,NY,2026-03-11
2136,Sofia Rossi,WV,2026-04-05
2137,Jasmine Diallo,PA,2026-05-08
2138,Layla Anderson,NY,2026-01-22
2139,Grace Thomas,MI,2026-03-20
2140,Amara Chen,MI,2025-01-21
2141,Jasmine Garcia,OH,2025-11-04
2142,Yasmin Dubois,MD,2025-06-29
2143,Sofia Taylor,VA,2025-10-18
2144,Nina Garcia,NY,2025-12-08
2145,John Brown,,2025-07-14
2146,Brian Dubois,VA,2026-01-19
2147,Grace Anderson,VA,2026-01-18
2148,Omar Martinez,VA,2025-03-14
2149,Ruby Khan,OH,2026-01-30
2150,Marcus Lee,MI,2025-09-19
2151,Chloe Hussain,WV,2026-06-06
2152,Steven Hussain,WV,2025-03-01
2153,Grace Dubois,NY,2025-09-10
2154,Ruby White,WV,2026-01-06
2155,James Clark,MD,2025-06-01
2156,Priya Brown,NY,2025-09-18
2157,Priya White,PA,2025-06-15
2158,David Hassan,VA,2026-01-29
2159,Nathan Garcia,NY,2026-06-15
2160,Elena White,MD,2026-03-14
2161,Brian Ibrahim,OH,2026-01-27
2162,Grace Jackson,PA,2025-04-02
2163,Marcus Diallo,MI,2025-12-19
2164,Chloe Davis,WV,2026-02-12
2165,Elena White,PA,2026-05-19
2166,Marcus Clark,OH,2026-03-04
2167,Sofia Dubois,NY,2026-03-18
2168,Elena Clark,NY,2025-05-18
2169,Brian Khan,OH,2026-04-07
2170,Elena Davis,WV,2025-03-02
2171,Marcus Davis,MI,2025-09-23
2172,Omar Nguyen,MI,2025-04-22
2173,David Rossi,VA,2025-03-29
2174,David Wilson,OH,2025-01-31
2175,Nina Patel,PA,2025-04-14
2176,Marcus Smith,PA,2025-02-12
2177,Amara Smith,OH,2026-01-20
2178,Marcus Miller,VA,2026-05-13
2179,Wei Lee,MD,2025-12-11
2180,Daniel Wilson,MD,2025-09-03
2181,Kevin Zhang,MD,2025-02-28
2182,Amara Khan,VA,2025-01-04
2183,Kevin Dubois,PA,2025-05-23
2184,Jasmine Thomas,WV,2025-10-14
2185,Fatima Hussain,OH,2026-04-08
2186,Jasmine Chen,VA,2026-06-12
2187,James Hassan,PA,2025-11-26
2188,Jasmine Johnson,WV,2025-11-30
2189,Wei Chen,WV,2026-02-14
2190,David Hussain,VA,2026-03-15
2191,Jasmine Clark,WV,2025-04-13
2192,Wei Davis,MI,2025-05-27
2193,Carlos Diallo,PA,2026-06-01
2194,Amara Garcia,MI,2025-11-05
2195,Yasmin Ali,NY,2026-04-24
2196,Aisha Chen,NY,2025-09-04
2197,Marcus Patel,PA,2025-04-02
2198,Steven Smith,MD,2025-06-14
2199,Marcus Miller,WV,2025-08-14
2200,Nina Harris,WV,2025-05-07
2201,Yasmin Hassan,PA,2026-05-19
2202,Daniel Ali,OH,2025-08-18
2203,Wei Garcia,VA,2025-12-18
2204,Chloe Dubois,WV,2026-01-26
2205,Yasmin Ali,MI,2026-03-24
2206,Robert Khan,PA,2025-10-25
2207,Daniel Dubois,WV,2025-07-12
2208,Carlos Hussain,MI,2025-05-11
2209,Kevin Martinez,MD,2025-01-02
2210,Yasmin Davis,VA,2026-02-02
2211,Layla Diallo,OH,2025-05-10
2212,Carlos Ahmed,,2025-04-20
2213,Jasmine Taylor,NY,2025-11-20
2214,Sofia White,VA,2025-08-13
2215,Michael Zhang,NY,2025-10-18
2216,Jasmine Diallo,OH,2025-02-05
2217,Brian Clark,MD,2025-05-07
2218,Steven Martinez,WV,2026-05-05
2219,Nina Rossi,PA,2026-01-21
2220,Daniel Brown,MI,2025-08-04
2221,Amara Ahmed,MI,2025-02-23
2222,Jasmine Chen,MD,2026-02-06
2223,Priya Nguyen,PA,2025-06-13
2224,Daniel Lee,MD,2026-04-30
2225,Kevin Garcia,WV,2026-06-25
2226,Steven Nguyen,WV,2025-07-19
2227,Kevin Khan,MD,2025-05-15
2228,Carlos Ali,MI,2025-02-25
2229,Sofia Taylor,OH,2025-06-17
2230,Steven Chen,NY,2025-10-26
2231,Amara Dubois,WV,2025-07-20
2232,Layla Dubois,WV,2025-04-15
2233,Jasmine Brown,VA,2026-01-21
2234,Elena Nguyen,PA,2025-02-27
2235,Nina Petrova,PA,2025-02-23
2236,Omar Wilson,NY,2026-03-21
2237,Kevin Ahmed,PA,2025-02-04
2238,Nina Rossi,WV,2025-06-26
2239,Marcus Clark,MI,2025-04-02
2240,Tyler Hassan,MD,2026-01-27
2241,Anthony Hussain,PA,2025-01-12
2242,Aisha Chen,,2026-06-06
2243,Carlos Martinez,MD,2026-05-07
2244,Aisha Diallo,VA,2025-07-05
2245,Omar Clark,MD,2026-03-21
2246,Aisha Wilson,WV,2025-03-07
2247,Amara Ibrahim,VA,2025-07-09
2248,James Anderson,VA,2026-06-27
2249,Tyler Martinez,MI,2025-05-08
2250,Priya Harris,NY,2025-05-01
2251,Steven Petrova,OH,2025-01-06
2252,Daniel Khan,NY,2025-02-10
2253,Omar Petrova,OH,2025-03-31
2254,Marcus Johnson,PA,2025-03-28
2255,Layla Ibrahim,VA,2025-06-25
2256,Priya Smith,MD,2025-09-12
2257,Brian Harris,WV,2025-10-28
2258,Michael Martinez,WV,2026-05-18
2259,Ruby Hussain,NY,2026-06-07
2260,Priya White,NY,2025-02-15
2261,Michael Rossi,NY,2025-08-09
2262,John Martinez,MD,2026-01-03
2263,Wei Lee,OH,2025-03-18
2264,Kevin Hassan,VA,2025-06-17
2265,Robert Patel,WV,2026-03-12
2266,John Garcia,WV,2025-10-03
2267,John Clark,OH,2026-01-17
2268,Tyler Thomas,VA,2025-06-17
2269,Daniel Diallo,,2026-03-21
2270,Wei Ahmed,MD,2025-03-21
2271,Aisha Patel,PA,2026-02-21
2272,David Hussain,MI,2025-12-08
2273,Jasmine Diallo,,2025-08-20
2274,Kevin Ahmed,PA,2026-01-23
2275,Aisha Petrova,WV,2026-06-24
2276,Carlos White,PA,2026-05-17
2277,Steven Martinez,OH,2025-10-16
2278,Aisha Harris,NY,2025-02-19
2279,Marcus Anderson,MD,2025-07-05
2280,Priya Diallo,OH,2026-06-29
2281,Jasmine Anderson,OH,2026-05-04
2282,James Patel,WV,2026-06-10
2283,Michael Brown,OH,2026-01-23
2284,Maria Nguyen,WV,2026-01-15
2285,Priya Zhang,WV,2026-03-05
2286,Anthony Hussain,OH,2026-04-25
2287,Grace Thomas,MD,2025-08-23
2288,David Rossi,MI,2026-02-21
2289,David Hassan,PA,2025-03-23
2290,David Petrova,PA,2025-02-28
2291,Yasmin Nguyen,MI,2026-05-20
2292,Grace Patel,WV,2026-06-05
2293,Nina Thomas,WV,2026-06-30
2294,James Zhang,MI,2025-07-14
2295,Steven Lee,NY,2025-12-20
2296,Priya Nguyen,WV,2026-06-25
2297,Wei Taylor,WV,2025-06-22
2298,Marcus Thomas,NY,2025-08-19
2299,Tyler Brown,MD,2026-06-11
2300,Grace Chen,NY,2026-01-24
2301,Aisha Wilson,MI,2025-09-13
2302,Marcus Ali,MD,2025-05-01
2303,Sofia Miller,PA,2025-08-07
2304,Carlos Anderson,MD,2025-08-11
2305,Omar Thomas,VA,2025-02-06
2306,Jasmine Chen,,2025-02-28
2307,Anthony Wilson,MD,2025-11-02
2308,Layla Harris,VA,2025-07-10
2309,Aisha Lee,NY,2026-05-19
2310,Brian Harris,VA,2025-06-07
2311,Nina Smith,MI,2025-06-09
2312,Fatima Chen,MD,2026-02-09
2313,Grace Harris,OH,2025-07-06
2314,Aisha Taylor,NY,2026-03-26
2315,Chloe Lee,MD,2025-01-06
2316,Steven Davis,NY,2025-04-24
2317,Michael Anderson,WV,2026-03-08
2318,Maria Petrova,VA,2025-07-23
2319,Robert Khan,VA,2026-03-08
2320,Amara Patel,MD,2025-05-11
2321,Marcus Harris,OH,2026-02-14
2322,Chloe White,NY,2026-02-03
2323,Aisha Diallo,NY,2025-01-22
2324,Brian Smith,PA,2025-08-31
2325,Daniel Lee,VA,2025-01-09
2326,Sofia Chen,MI,2025-03-26
2327,Wei Brown,NY,2026-06-08
2328,Marcus Khan,WV,2025-09-27
2329,Tyler Lee,VA,2025-07-23
2330,Amara Khan,OH,2026-05-30
2331,Jasmine Martinez,NY,2025-06-02
2332,Kevin Johnson,NY,2025-10-08
2333,Grace Smith,PA,2025-07-24
2334,Kevin Lee,MD,2026-06-22
2335,Fatima Ahmed,VA,2025-12-11
2336,Brian Lee,MD,2025-02-22
2337,Layla Miller,WV,2025-12-26
2338,Daniel Harris,NY,2025-02-18
2339,Maria Patel,NY,2025-11-26
2340,Robert Nguyen,VA,2025-04-14
2341,Nina Hussain,MD,2025-12-09
2342,Priya Smith,MD,2025-05-14
2343,Amara Hussain,OH,2026-06-26
2344,Omar Miller,OH,2025-08-04
2345,Nathan Khan,WV,2025-05-14
2346,Aisha Johnson,NY,2025-07-15
2347,Ruby Khan,OH,2025-03-18
2348,Sofia Dubois,MI,2026-05-01
2349,Chloe Brown,NY,2025-02-14
2350,Yasmin Clark,MI,2025-09-16
2351,Ruby Ibrahim,MD,2025-12-22
2352,Steven Khan,PA,2026-03-23
2353,Brian Nguyen,,2026-05-31
2354,Wei Miller,MD,2025-05-13
2355,Carlos Johnson,WV,2025-07-14
2356,Nina Patel,MI,2026-06-30
2357,David Petrova,MI,2026-03-25
2358,Yasmin Jackson,VA,2026-02-04
2359,John Petrova,NY,2025-01-04
2360,Carlos Clark,MI,2025-01-10
2361,Brian Clark,MD,2026-06-22
2362,Fatima Rossi,OH,2025-10-02
2363,Fatima Johnson,MD,2025-09-01
2364,Michael Harris,NY,2025-10-12
2365,Amara Johnson,MI,2025-09-12
2366,Aisha Smith,WV,2025-12-22
2367,Layla Wilson,WV,2025-03-27
2368,Robert Dubois,VA,2025-05-17
2369,Sofia Wilson,WV,2025-02-28
2370,Tyler Hussain,WV,2025-08-13
2371,Elena Miller,OH,2025-01-17
2372,Jasmine Jackson,WV,2025-04-19
2373,Kevin Hassan,MI,2025-09-21
2374,Wei Ibrahim,MI,2025-07-31
2375,Daniel Miller,OH,2025-07-28
2376,Jasmine Jackson,NY,2026-02-09
2377,Chloe Dubois,MD,2026-03-21
2378,Nina Garcia,NY,2026-05-23
2379,Tyler Ali,NY,2025-06-30
2380,Chloe Petrova,PA,2025-10-16
2381,Nathan Petrova,WV,2026-02-08
2382,David Brown,VA,2025-03-15
2383,Ruby Hassan,PA,2026-02-17
2384,Michael Dubois,OH,2025-01-13
2385,Kevin Smith,,2025-04-23
2386,Tyler Hassan,NY,2025-02-14
2387,David Miller,WV,2025-05-27
2388,Amara Smith,OH,2025-04-19
2389,Daniel Ali,NY,2025-03-29
2390,Marcus Martinez,MI,2026-03-31
2391,Daniel Chen,NY,2025-06-08
2392,Steven Miller,PA,2025-05-07
2393,Aisha Ibrahim,PA,2025-10-31
2394,Tyler Lee,PA,2025-05-26
2395,James Ahmed,VA,2026-03-14
2396,Omar Rossi,WV,2025-08-20
2397,Nathan Clark,VA,2025-04-26
2398,Aisha Ahmed,MD,2025-04-15
2399,Wei Wilson,MD,2025-05-02
2400,Ruby Garcia,OH,2025-02-14
2401,Grace Thomas,OH,2025-12-09
2402,Grace Brown,OH,2025-11-05
2403,Layla Harris,MD,2025-04-17
2404,Priya Hussain,MI,2025-09-29
2405,Amara Garcia,MI,2025-01-03
2406,Michael Jackson,MD,2025-05-31
2407,Anthony Dubois,MI,2026-05-05
2408,Carlos Lee,NY,2025-10-13
2409,Michael Petrova,MD,2026-01-30
2410,Grace Chen,OH,2026-02-28
2411,Daniel Brown,VA,2025-09-09
2412,Nina Ibrahim,OH,2026-05-20
2413,Fatima Anderson,OH,2025-03-27
2414,Brian Martinez,WV,2025-08-13
2415,Layla Smith,,2025-07-28
2416,Yasmin Chen,PA,2025-05-17
2417,Layla Hussain,MD,2025-05-23
2418,Tyler Ali,NY,2026-03-08
2419,Fatima Johnson,PA,2025-05-22
2420,Steven Brown,,2026-01-22
2421,Grace Hussain,WV,2025-02-25
2422,Carlos Garcia,MI,2026-05-04
2423,Elena Smith,MD,2025-05-31
2424,Fatima Garcia,OH,2025-01-13
2425,Grace Brown,VA,2025-07-06
2426,Chloe Thomas,VA,2025-11-03
2427,Daniel Taylor,MD,2025-01-14
2428,Maria Harris,OH,2025-02-02
2429,Brian Petrova,VA,2025-01-12
2430,Priya Harris,OH,2026-04-11
2431,Robert Nguyen,MD,2026-05-29
2432,Grace Nguyen,MD,2025-06-10
2433,Brian Anderson,WV,2025-05-09
2434,Wei Johnson,VA,2025-08-13
2435,Chloe Ibrahim,MI,2025-03-21
2436,Nina Wilson,MI,2026-02-19
2437,Maria Diallo,WV,2026-01-16
2438,Robert Khan,PA,2025-04-17
2439,Marcus Ali,PA,2025-12-10
2440,Elena Ibrahim,PA,2025-04-20
2441,James Jackson,NY,2025-11-13
2442,Omar Nguyen,NY,2025-02-03
2443,Carlos Martinez,OH,2025-02-15
2444,Nina Johnson,MD,2025-02-19
2445,Sofia Smith,MI,2026-01-01
2446,Kevin Thomas,MD,2025-07-19
2447,Chloe Hussain,WV,2025-05-13
2448,Daniel Lee,PA,2026-05-31
2449,Marcus Brown,OH,2025-01-25
2450,Nina Martinez,MD,2025-02-08
2451,Priya Taylor,WV,2025-03-22
2452,Steven Ahmed,MI,2025-08-09
2453,Michael Jackson,OH,2025-06-14
2454,Chloe Zhang,MI,2026-06-20
2455,Amara Brown,MD,2025-12-14
2456,Jasmine Lee,WV,2025-02-10
2457,Kevin Ahmed,OH,2025-08-02
2458,Michael Martinez,PA,2026-05-25
2459,Michael Jackson,OH,2025-11-13
2460,Amara Diallo,VA,2025-03-31
2461,Daniel Petrova,NY,2025-10-30
2462,Carlos Hussain,PA,2025-12-28
2463,Steven Jackson,MD,2026-04-17
2464,Robert Jackson,WV,2026-03-29
2465,Aisha Martinez,PA,2026-05-15
2466,Sofia Anderson,MI,2026-02-23
2467,Priya Brown,MD,2026-03-28
2468,Wei Wilson,PA,2026-01-18
2469,Brian Taylor,WV,2025-09-27
2470,Omar Johnson,WV,2025-09-08
2471,James Brown,MD,2025-04-18
2472,Carlos Anderson,NY,2025-03-16
2473,Anthony Patel,MD,2025-04-06
2474,Omar Ibrahim,PA,2026-04-22
2475,Chloe Khan,MI,2026-02-11
2476,Kevin Wilson,MD,2025-03-08
2477,Wei Chen,WV,2025-08-06
2478,Aisha Miller,PA,2026-04-11
2479,Nina Brown,MD,2025-08-07
2480,Wei Jackson,PA,2026-01-25
2481,Layla Diallo,VA,2026-03-17
2482,John Ali,MI,2025-01-24
2483,Robert Miller,PA,2025-06-30
2484,Robert Anderson,MD,2025-03-25
2485,Anthony Ali,OH,2026-03-06
2486,Nathan Miller,MI,2025-07-08
2487,Nathan Harris,MD,2026-03-15
2488,Sofia Petrova,MD,2025-07-23
2489,Nina Chen,WV,2025-06-14
2490,Ruby Clark,,2026-02-03
2491,Amara Harris,PA,2025-07-23
2492,Carlos Zhang,MD,2025-05-29
2493,Tyler Dubois,PA,2025-11-21
2494,Anthony Nguyen,VA,2025-06-01
2495,Aisha Diallo,MD,2026-02-21
2496,James Taylor,WV,2025-05-09
2497,Carlos Khan,NY,2025-02-07
2498,John Lee,OH,2025-06-20
2499,Layla Davis,WV,2025-07-15
2500,James Hussain,PA,2026-01-08
2501,Sofia Thomas,WV,2025-05-08
2502,Anthony Lee,MD,2026-02-25
2503,Yasmin Lee,MI,2026-06-20
2504,Ruby Petrova,VA,2026-04-15
2505,Yasmin Zhang,OH,2025-06-16
2506,Sofia Ali,WV,2026-03-24
2507,Wei Nguyen,PA,2025-04-12
2508,Aisha Garcia,OH,2025-01-17
2509,Aisha Chen,WV,2025-04-13
2510,Carlos Diallo,WV,2025-02-03
2511,Grace Davis,MI,2025-08-17
2512,Kevin Khan,MI,2025-07-20
2513,Aisha Hussain,VA,2026-04-21
2514,Omar Clark,PA,2026-02-10
2515,Amara Ahmed,MD,2026-06-04
2516,Priya Miller,MI,2025-11-11
2517,Ruby Lee,PA,2025-09-05
2518,Grace Johnson,PA,2025-01-16
2519,Layla White,MI,2026-06-16
2520,Daniel Wilson,OH,2025-06-24
2521,Fatima Ibrahim,NY,2026-02-05
2522,Kevin White,MI,2025-02-22
2523,Grace Brown,WV,2026-02-04
2524,Nathan Wilson,NY,2026-06-14
2525,Aisha Clark,OH,2025-05-10
2526,Carlos Diallo,MI,2026-02-06
2527,Ruby Miller,MD,2025-06-12
2528,David Smith,PA,2026-03-24
2529,Carlos Brown,OH,2025-01-29
2530,Ruby Garcia,PA,2026-01-27
2531,Michael Taylor,NY,2026-01-02
2532,Nathan Ahmed,NY,2025-11-01
2533,Fatima Dubois,MI,2026-01-23
2534,Maria Miller,NY,2025-03-26
2535,Omar Martinez,PA,2025-04-16
2536,Wei Khan,NY,2025-04-20
2537,Nathan Petrova,PA,2025-04-06
2538,Layla Nguyen,VA,2025-08-01
2539,Amara Smith,PA,2026-02-28
2540,Omar Garcia,WV,2025-08-04
2541,Nathan Wilson,MI,2026-04-07
2542,Sofia Smith,WV,2025-07-02
2543,Wei Ali,PA,2025-02-02
2544,Layla Chen,NY,2025-01-06
2545,Robert Nguyen,NY,2025-05-05
2546,Yasmin Smith,OH,2026-06-15
2547,John Ali,PA,2026-01-09
2548,James Wilson,NY,2025-05-22
2549,Steven Brown,MD,2025-10-02
2550,David Hussain,VA,2025-10-29
2551,Nina Lee,VA,2026-06-09
2552,Robert Petrova,WV,2025-07-22
2553,Steven Miller,PA,2026-02-07
2554,Marcus Martinez,NY,2025-11-16
2555,Chloe Chen,VA,2026-03-20
2556,Chloe Miller,OH,2025-11-23
2557,Kevin Lee,OH,2025-07-24
2558,Nathan Hassan,VA,2025-03-07
2559,Maria Thomas,OH,2025-09-17
2560,Wei White,MD,2026-06-28
2561,Aisha Petrova,VA,2025-11-27
2562,Layla Ahmed,NY,2025-03-16
2563,Layla Brown,,2025-11-18
2564,Steven Smith,NY,2025-12-03
2565,Amara Wilson,OH,2025-08-27
2566,Sofia Zhang,OH,2025-08-06
2567,Yasmin Miller,OH,2025-03-18
2568,Grace Patel,MD,2026-03-22
2569,John Davis,MI,2025-02-20
2570,Maria Miller,PA,2026-03-08
2571,Elena Zhang,OH,2025-12-01
2572,Carlos Smith,PA,2025-10-19
2573,Jasmine Martinez,VA,2025-01-05
2574,Tyler Anderson,OH,2025-02-07
2575,Maria Wilson,PA,2025-01-17
2576,Tyler Diallo,WV,2026-03-02
2577,Daniel Jackson,VA,2025-12-21
2578,Marcus Wilson,OH,2026-05-21
2579,Sofia Clark,VA,2026-04-11
2580,Ruby Khan,OH,2026-01-18
2581,Fatima Johnson,NY,2025-01-11
2582,Daniel Ali,NY,2026-03-23
2583,John Dubois,MI,2026-01-13
2584,James Nguyen,MD,2025-02-23
2585,Maria Khan,MD,2025-02-19
2586,Daniel Clark,MD,2026-01-24
2587,Ruby Brown,PA,2026-04-17
2588,Jasmine Brown,WV,2026-02-28
2589,Aisha Thomas,NY,2026-06-25
2590,Priya Chen,MD,2025-10-15
2591,Nina Ahmed,MD,2025-04-05
2592,Steven Garcia,OH,2025-12-28
2593,Fatima Patel,WV,2025-07-30
2594,Nina Johnson,PA,2025-08-06
2595,Anthony White,NY,2026-01-30
2596,Daniel Davis,OH,2026-06-25
2597,Marcus Rossi,WV,2026-04-10
2598,Brian Khan,NY,2025-05-14
2599,Kevin Taylor,NY,2026-06-10
2600,John Garcia,VA,2025-10-12
